level=warn msg=mem.allocator.not_owned owned_classes=0/6 unowned_bytes=64,4096,65536,262144,1048576,8388608 detail=allocations_in_these_size_classes_are_not_allocator-owned:_purge_and_reclaim_options_do_not_apply_to_them_and_freed_pages_stay_committed
level=info msg=mem.init budget_mb=3486 total_ram_mb=13945 source=ram_fraction
level=warn msg=store.pagecache.config_failed rc=misuse detail=shared_SQLite_page-cache_slab_was_refused_(SQLite_already_initialised?);_page_cache_will_be_served_from_the_general_allocator_and_may_fragment
level=info msg=watcher.start interval_ms=multi-sec
{"level":"control","event":"diagnostics.start","snapshot":"/tmp/cbm-diagnostics-474-WED3Xn/snapshot.json","trajectory":"/tmp/cbm-diagnostics-474-WED3Xn/trajectory.ndjson","interval_s":"5"}
level=info msg=daemon.start version=dev pid=474 cache_fingerprint=d94dd14116b0907f66341528545059a59bd982b5f9dec44db61401029d4a602d memory_budget_bytes=3655720960 physical_job_limit=4 worker_memory_budget_bytes=913930240
level=info msg=mcp.request protocol=jsonrpc method=initialize status=ok duration_ms=0
level=info msg=update.available current=dev latest=v0.9.0
level=info msg=index.supervisor.reap outcome=clean exit_code=0 signal=0
level=info msg=mcp.request protocol=jsonrpc method=tools/call tool=index_repository status=ok duration_ms=1629
level=info msg=mcp.request protocol=jsonrpc method=tools/call tool=search_graph status=ok duration_ms=3
level=info msg=mcp.request protocol=jsonrpc method=tools/call tool=trace_path status=ok duration_ms=1
level=info msg=index.supervisor.reap outcome=clean exit_code=0 signal=0
level=info msg=mcp.request protocol=jsonrpc method=tools/call tool=index_repository status=ok duration_ms=1630
level=info msg=mcp.request protocol=jsonrpc method=tools/call tool=search_graph status=ok duration_ms=1
level=info msg=mcp.request protocol=jsonrpc method=tools/call tool=trace_path status=ok duration_ms=1
level=info msg=mcp.request protocol=jsonrpc method=tools/call tool=search_graph status=ok duration_ms=1
level=info msg=mcp.request protocol=jsonrpc method=tools/call tool=trace_path status=ok duration_ms=1
level=info msg=mcp.request protocol=jsonrpc method=tools/call tool=search_graph status=ok duration_ms=0
level=info msg=mcp.request protocol=jsonrpc method=tools/call tool=trace_path status=ok duration_ms=0
level=info msg=mcp.request protocol=jsonrpc method=tools/call tool=search_graph status=ok duration_ms=1
level=info msg=mcp.request protocol=jsonrpc method=tools/call tool=trace_path status=ok duration_ms=0
level=info msg=mcp.request protocol=jsonrpc method=tools/call tool=search_graph status=ok duration_ms=1
level=info msg=mcp.request protocol=jsonrpc method=tools/call tool=trace_path status=ok duration_ms=1
level=info msg=mcp.request protocol=jsonrpc method=tools/call tool=search_graph status=ok duration_ms=0
level=info msg=mcp.request protocol=jsonrpc method=tools/call tool=trace_path status=ok duration_ms=0
level=info msg=mcp.request protocol=jsonrpc method=tools/call tool=search_graph status=ok duration_ms=0
level=info msg=mcp.request protocol=jsonrpc method=tools/call tool=trace_path status=ok duration_ms=0
level=info msg=mcp.request protocol=jsonrpc method=tools/call tool=search_graph status=ok duration_ms=0
level=info msg=mcp.request protocol=jsonrpc method=tools/call tool=trace_path status=ok duration_ms=1
level=info msg=mcp.request protocol=jsonrpc method=tools/call tool=search_graph status=ok duration_ms=1
level=info msg=mcp.request protocol=jsonrpc method=tools/call tool=trace_path status=ok duration_ms=1
level=info msg=mcp.request protocol=jsonrpc method=tools/call tool=search_graph status=ok duration_ms=0
level=info msg=mcp.request protocol=jsonrpc method=tools/call tool=trace_path status=ok duration_ms=0
level=info msg=mcp.request protocol=jsonrpc method=tools/call tool=search_graph status=ok duration_ms=1
level=info msg=mcp.request protocol=jsonrpc method=tools/call tool=trace_path status=ok duration_ms=1
level=info msg=mcp.request protocol=jsonrpc method=tools/call tool=search_graph status=ok duration_ms=0
level=info msg=mcp.request protocol=jsonrpc method=tools/call tool=trace_path status=ok duration_ms=1
level=info msg=mcp.request protocol=jsonrpc method=tools/call tool=search_graph status=ok duration_ms=1
level=info msg=mcp.request protocol=jsonrpc method=tools/call tool=trace_path status=ok duration_ms=1
level=info msg=mcp.request protocol=jsonrpc method=tools/call tool=search_graph status=ok duration_ms=0
level=info msg=mcp.request protocol=jsonrpc method=tools/call tool=trace_path status=ok duration_ms=0
level=info msg=mcp.request protocol=jsonrpc method=tools/call tool=search_graph status=ok duration_ms=1
level=info msg=mcp.request protocol=jsonrpc method=tools/call tool=trace_path status=ok duration_ms=1
level=info msg=mcp.request protocol=jsonrpc method=tools/call tool=search_graph status=ok duration_ms=0
level=info msg=mcp.request protocol=jsonrpc method=tools/call tool=trace_path status=ok duration_ms=0
level=info msg=mcp.request protocol=jsonrpc method=tools/call tool=search_graph status=ok duration_ms=0
level=info msg=mcp.request protocol=jsonrpc method=tools/call tool=trace_path status=ok duration_ms=0
level=info msg=mcp.request protocol=jsonrpc method=tools/call tool=search_graph status=ok duration_ms=1
level=info msg=mcp.request protocol=jsonrpc method=tools/call tool=trace_path status=ok duration_ms=1
level=info msg=mcp.request protocol=jsonrpc method=tools/call tool=search_graph status=ok duration_ms=1
level=info msg=mcp.request protocol=jsonrpc method=tools/call tool=trace_path status=ok duration_ms=0
level=info msg=mcp.request protocol=jsonrpc method=tools/call tool=search_graph status=ok duration_ms=0
level=info msg=mcp.request protocol=jsonrpc method=tools/call tool=trace_path status=ok duration_ms=0
level=info msg=mcp.request protocol=jsonrpc method=tools/call tool=search_graph status=ok duration_ms=0
level=info msg=mcp.request protocol=jsonrpc method=tools/call tool=trace_path status=ok duration_ms=1
level=info msg=mcp.request protocol=jsonrpc method=tools/call tool=search_graph status=ok duration_ms=0
level=info msg=mcp.request protocol=jsonrpc method=tools/call tool=trace_path status=ok duration_ms=0
level=info msg=mcp.request protocol=jsonrpc method=tools/call tool=search_graph status=ok duration_ms=0
level=info msg=mcp.request protocol=jsonrpc method=tools/call tool=trace_path status=ok duration_ms=0
level=info msg=mcp.request protocol=jsonrpc method=tools/call tool=search_graph status=ok duration_ms=0
level=info msg=mcp.request protocol=jsonrpc method=tools/call tool=trace_path status=ok duration_ms=1
level=info msg=mcp.request protocol=jsonrpc method=tools/call tool=search_graph status=ok duration_ms=1
level=info msg=mcp.request protocol=jsonrpc method=tools/call tool=trace_path status=ok duration_ms=1
level=info msg=mcp.request protocol=jsonrpc method=tools/call tool=search_graph status=ok duration_ms=0
level=info msg=mcp.request protocol=jsonrpc method=tools/call tool=trace_path status=ok duration_ms=1
level=info msg=mcp.request protocol=jsonrpc method=tools/call tool=search_graph status=ok duration_ms=0
level=info msg=mcp.request protocol=jsonrpc method=tools/call tool=trace_path status=ok duration_ms=0
level=info msg=mcp.request protocol=jsonrpc method=tools/call tool=search_graph status=ok duration_ms=1
level=info msg=mcp.request protocol=jsonrpc method=tools/call tool=trace_path status=ok duration_ms=1
level=info msg=mcp.request protocol=jsonrpc method=tools/call tool=search_graph status=ok duration_ms=1
level=info msg=mcp.request protocol=jsonrpc method=tools/call tool=trace_path status=ok duration_ms=0
level=info msg=mcp.request protocol=jsonrpc method=tools/call tool=search_graph status=ok duration_ms=0
level=info msg=mcp.request protocol=jsonrpc method=tools/call tool=trace_path status=ok duration_ms=1
level=info msg=mcp.request protocol=jsonrpc method=tools/call tool=search_graph status=ok duration_ms=1
level=info msg=mcp.request protocol=jsonrpc method=tools/call tool=trace_path status=ok duration_ms=1
level=info msg=mcp.request protocol=jsonrpc method=tools/call tool=search_graph status=ok duration_ms=0
level=info msg=mcp.request protocol=jsonrpc method=tools/call tool=trace_path status=ok duration_ms=0
level=info msg=mcp.request protocol=jsonrpc method=tools/call tool=search_graph status=ok duration_ms=1
level=info msg=mcp.request protocol=jsonrpc method=tools/call tool=trace_path status=ok duration_ms=1
level=info msg=mcp.request protocol=jsonrpc method=tools/call tool=search_graph status=ok duration_ms=1
level=info msg=mcp.request protocol=jsonrpc method=tools/call tool=trace_path status=ok duration_ms=0
level=info msg=mcp.request protocol=jsonrpc method=tools/call tool=search_graph status=ok duration_ms=0
level=info msg=mcp.request protocol=jsonrpc method=tools/call tool=trace_path status=ok duration_ms=1
level=info msg=mcp.request protocol=jsonrpc method=tools/call tool=search_graph status=ok duration_ms=1
level=info msg=mcp.request protocol=jsonrpc method=tools/call tool=trace_path status=ok duration_ms=0
level=info msg=mcp.request protocol=jsonrpc method=tools/call tool=search_graph status=ok duration_ms=1
level=info msg=mcp.request protocol=jsonrpc method=tools/call tool=trace_path status=ok duration_ms=0
level=info msg=mcp.request protocol=jsonrpc method=tools/call tool=search_graph status=ok duration_ms=0
level=info msg=mcp.request protocol=jsonrpc method=tools/call tool=trace_path status=ok duration_ms=0
level=info msg=mcp.request protocol=jsonrpc method=tools/call tool=search_graph status=ok duration_ms=1
level=info msg=mcp.request protocol=jsonrpc method=tools/call tool=trace_path status=ok duration_ms=0
level=info msg=mcp.request protocol=jsonrpc method=tools/call tool=search_graph status=ok duration_ms=1
level=info msg=mcp.request protocol=jsonrpc method=tools/call tool=trace_path status=ok duration_ms=1
level=info msg=mcp.request protocol=jsonrpc method=tools/call tool=search_graph status=ok duration_ms=0
level=info msg=mcp.request protocol=jsonrpc method=tools/call tool=trace_path status=ok duration_ms=1
level=info msg=mcp.request protocol=jsonrpc method=tools/call tool=search_graph status=ok duration_ms=1
level=info msg=mcp.request protocol=jsonrpc method=tools/call tool=trace_path status=ok duration_ms=0
level=info msg=mcp.request protocol=jsonrpc method=tools/call tool=search_graph status=ok duration_ms=1
level=info msg=mcp.request protocol=jsonrpc method=tools/call tool=trace_path status=ok duration_ms=1
level=info msg=mcp.request protocol=jsonrpc method=tools/call tool=search_graph status=ok duration_ms=0
level=info msg=mcp.request protocol=jsonrpc method=tools/call tool=trace_path status=ok duration_ms=0
level=info msg=mcp.request protocol=jsonrpc method=tools/call tool=search_graph status=ok duration_ms=1
level=info msg=mcp.request protocol=jsonrpc method=tools/call tool=trace_path status=ok duration_ms=1
level=info msg=mcp.request protocol=jsonrpc method=tools/call tool=search_graph status=ok duration_ms=1
level=info msg=mcp.request protocol=jsonrpc method=tools/call tool=trace_path status=ok duration_ms=1
level=info msg=mcp.request protocol=jsonrpc method=tools/call tool=search_graph status=ok duration_ms=0
level=info msg=mcp.request protocol=jsonrpc method=tools/call tool=trace_path status=ok duration_ms=0
level=info msg=mcp.request protocol=jsonrpc method=tools/call tool=search_graph status=ok duration_ms=1
level=info msg=mcp.request protocol=jsonrpc method=tools/call tool=trace_path status=ok duration_ms=1
level=info msg=mcp.request protocol=jsonrpc method=tools/call tool=search_graph status=ok duration_ms=0
level=info msg=mcp.request protocol=jsonrpc method=tools/call tool=trace_path status=ok duration_ms=0
level=info msg=mcp.request protocol=jsonrpc method=tools/call tool=search_graph status=ok duration_ms=0
level=info msg=mcp.request protocol=jsonrpc method=tools/call tool=trace_path status=ok duration_ms=0
level=info msg=mcp.request protocol=jsonrpc method=tools/call tool=search_graph status=ok duration_ms=0
level=info msg=mcp.request protocol=jsonrpc method=tools/call tool=trace_path status=ok duration_ms=0
level=info msg=mcp.request protocol=jsonrpc method=tools/call tool=search_graph status=ok duration_ms=0
level=info msg=mcp.request protocol=jsonrpc method=tools/call tool=trace_path status=ok duration_ms=1
level=info msg=mcp.request protocol=jsonrpc method=tools/call tool=search_graph status=ok duration_ms=0
level=info msg=mcp.request protocol=jsonrpc method=tools/call tool=trace_path status=ok duration_ms=0
level=info msg=mcp.request protocol=jsonrpc method=tools/call tool=search_graph status=ok duration_ms=1
level=info msg=mcp.request protocol=jsonrpc method=tools/call tool=trace_path status=ok duration_ms=0
level=info msg=mcp.request protocol=jsonrpc method=tools/call tool=search_graph status=ok duration_ms=1
level=info msg=mcp.request protocol=jsonrpc method=tools/call tool=trace_path status=ok duration_ms=1
level=info msg=mcp.request protocol=jsonrpc method=tools/call tool=search_graph status=ok duration_ms=0
level=info msg=mcp.request protocol=jsonrpc method=tools/call tool=trace_path status=ok duration_ms=0
level=info msg=mcp.request protocol=jsonrpc method=tools/call tool=search_graph status=ok duration_ms=1
level=info msg=mcp.request protocol=jsonrpc method=tools/call tool=trace_path status=ok duration_ms=0
level=info msg=index.supervisor.reap outcome=clean exit_code=0 signal=0
level=info msg=mcp.request protocol=jsonrpc method=tools/call tool=index_repository status=ok duration_ms=1687
level=info msg=mcp.request protocol=jsonrpc method=tools/call tool=search_graph status=ok duration_ms=0
level=info msg=mcp.request protocol=jsonrpc method=tools/call tool=trace_path status=ok duration_ms=1
level=info msg=mcp.request protocol=jsonrpc method=tools/call tool=search_graph status=ok duration_ms=1
level=info msg=mcp.request protocol=jsonrpc method=tools/call tool=trace_path status=ok duration_ms=1
level=info msg=mcp.request protocol=jsonrpc method=tools/call tool=search_graph status=ok duration_ms=0
level=info msg=mcp.request protocol=jsonrpc method=tools/call tool=trace_path status=ok duration_ms=0
level=info msg=mcp.request protocol=jsonrpc method=tools/call tool=search_graph status=ok duration_ms=1
level=info msg=mcp.request protocol=jsonrpc method=tools/call tool=trace_path status=ok duration_ms=1
level=info msg=mcp.request protocol=jsonrpc method=tools/call tool=search_graph status=ok duration_ms=1
level=info msg=mcp.request protocol=jsonrpc method=tools/call tool=trace_path status=ok duration_ms=1
level=info msg=mcp.request protocol=jsonrpc method=tools/call tool=search_graph status=ok duration_ms=1
level=info msg=mcp.request protocol=jsonrpc method=tools/call tool=trace_path status=ok duration_ms=0
level=info msg=mcp.request protocol=jsonrpc method=tools/call tool=search_graph status=ok duration_ms=1
level=info msg=mcp.request protocol=jsonrpc method=tools/call tool=trace_path status=ok duration_ms=1
level=info msg=mcp.request protocol=jsonrpc method=tools/call tool=search_graph status=ok duration_ms=0
level=info msg=mcp.request protocol=jsonrpc method=tools/call tool=trace_path status=ok duration_ms=0
level=info msg=mcp.request protocol=jsonrpc method=tools/call tool=search_graph status=ok duration_ms=0
level=info msg=mcp.request protocol=jsonrpc method=tools/call tool=trace_path status=ok duration_ms=1
level=info msg=mcp.request protocol=jsonrpc method=tools/call tool=search_graph status=ok duration_ms=1
level=info msg=mcp.request protocol=jsonrpc method=tools/call tool=trace_path status=ok duration_ms=0
level=info msg=mcp.request protocol=jsonrpc method=tools/call tool=search_graph status=ok duration_ms=1
level=info msg=mcp.request protocol=jsonrpc method=tools/call tool=trace_path status=ok duration_ms=0
level=info msg=mcp.request protocol=jsonrpc method=tools/call tool=search_graph status=ok duration_ms=0
level=info msg=mcp.request protocol=jsonrpc method=tools/call tool=trace_path status=ok duration_ms=0
level=info msg=mcp.request protocol=jsonrpc method=tools/call tool=search_graph status=ok duration_ms=0
level=info msg=mcp.request protocol=jsonrpc method=tools/call tool=trace_path status=ok duration_ms=0
level=info msg=mcp.request protocol=jsonrpc method=tools/call tool=search_graph status=ok duration_ms=0
level=info msg=mcp.request protocol=jsonrpc method=tools/call tool=trace_path status=ok duration_ms=0
level=info msg=mcp.request protocol=jsonrpc method=tools/call tool=search_graph status=ok duration_ms=0
level=info msg=mcp.request protocol=jsonrpc method=tools/call tool=trace_path status=ok duration_ms=1
level=info msg=mcp.request protocol=jsonrpc method=tools/call tool=search_graph status=ok duration_ms=1
level=info msg=mcp.request protocol=jsonrpc method=tools/call tool=trace_path status=ok duration_ms=1
level=info msg=mcp.request protocol=jsonrpc method=tools/call tool=search_graph status=ok duration_ms=0
level=info msg=mcp.request protocol=jsonrpc method=tools/call tool=trace_path status=ok duration_ms=0
level=info msg=mcp.request protocol=jsonrpc method=tools/call tool=search_graph status=ok duration_ms=0
level=info msg=mcp.request protocol=jsonrpc method=tools/call tool=trace_path status=ok duration_ms=0
level=info msg=mcp.request protocol=jsonrpc method=tools/call tool=search_graph status=ok duration_ms=1
level=info msg=mcp.request protocol=jsonrpc method=tools/call tool=trace_path status=ok duration_ms=0
level=info msg=mcp.request protocol=jsonrpc method=tools/call tool=search_graph status=ok duration_ms=1
level=info msg=mcp.request protocol=jsonrpc method=tools/call tool=trace_path status=ok duration_ms=1
level=info msg=mcp.request protocol=jsonrpc method=tools/call tool=search_graph status=ok duration_ms=0
level=info msg=mcp.request protocol=jsonrpc method=tools/call tool=trace_path status=ok duration_ms=0
level=info msg=mcp.request protocol=jsonrpc method=tools/call tool=search_graph status=ok duration_ms=0
level=info msg=mcp.request protocol=jsonrpc method=tools/call tool=trace_path status=ok duration_ms=0
level=info msg=mcp.request protocol=jsonrpc method=tools/call tool=search_graph status=ok duration_ms=1
level=info msg=mcp.request protocol=jsonrpc method=tools/call tool=trace_path status=ok duration_ms=0
level=info msg=mcp.request protocol=jsonrpc method=tools/call tool=search_graph status=ok duration_ms=0
level=info msg=mcp.request protocol=jsonrpc method=tools/call tool=trace_path status=ok duration_ms=0
level=info msg=mcp.request protocol=jsonrpc method=tools/call tool=search_graph status=ok duration_ms=0
level=info msg=mcp.request protocol=jsonrpc method=tools/call tool=trace_path status=ok duration_ms=0
level=info msg=mcp.request protocol=jsonrpc method=tools/call tool=search_graph status=ok duration_ms=1
level=info msg=mcp.request protocol=jsonrpc method=tools/call tool=trace_path status=ok duration_ms=1
level=info msg=mcp.request protocol=jsonrpc method=tools/call tool=search_graph status=ok duration_ms=0
level=info msg=mcp.request protocol=jsonrpc method=tools/call tool=trace_path status=ok duration_ms=0
level=info msg=mcp.request protocol=jsonrpc method=tools/call tool=search_graph status=ok duration_ms=0
level=info msg=mcp.request protocol=jsonrpc method=tools/call tool=trace_path status=ok duration_ms=0
level=info msg=mcp.request protocol=jsonrpc method=tools/call tool=search_graph status=ok duration_ms=1
level=info msg=mcp.request protocol=jsonrpc method=tools/call tool=trace_path status=ok duration_ms=1
level=info msg=mcp.request protocol=jsonrpc method=tools/call tool=search_graph status=ok duration_ms=0
level=info msg=mcp.request protocol=jsonrpc method=tools/call tool=trace_path status=ok duration_ms=1
level=info msg=mcp.request protocol=jsonrpc method=tools/call tool=search_graph status=ok duration_ms=0
level=info msg=mcp.request protocol=jsonrpc method=tools/call tool=trace_path status=ok duration_ms=0
level=info msg=mcp.request protocol=jsonrpc method=tools/call tool=search_graph status=ok duration_ms=0
level=info msg=mcp.request protocol=jsonrpc method=tools/call tool=trace_path status=ok duration_ms=0
level=info msg=mcp.request protocol=jsonrpc method=tools/call tool=search_graph status=ok duration_ms=0
level=info msg=mcp.request protocol=jsonrpc method=tools/call tool=trace_path status=ok duration_ms=0
level=info msg=mcp.request protocol=jsonrpc method=tools/call tool=search_graph status=ok duration_ms=1
level=info msg=mcp.request protocol=jsonrpc method=tools/call tool=trace_path status=ok duration_ms=1
level=info msg=mcp.request protocol=jsonrpc method=tools/call tool=search_graph status=ok duration_ms=1
level=info msg=mcp.request protocol=jsonrpc method=tools/call tool=trace_path status=ok duration_ms=0
level=info msg=mcp.request protocol=jsonrpc method=tools/call tool=search_graph status=ok duration_ms=0
level=info msg=mcp.request protocol=jsonrpc method=tools/call tool=trace_path status=ok duration_ms=0
level=info msg=mcp.request protocol=jsonrpc method=tools/call tool=search_graph status=ok duration_ms=0
level=info msg=mcp.request protocol=jsonrpc method=tools/call tool=trace_path status=ok duration_ms=1
level=info msg=mcp.request protocol=jsonrpc method=tools/call tool=search_graph status=ok duration_ms=1
level=info msg=mcp.request protocol=jsonrpc method=tools/call tool=trace_path status=ok duration_ms=1
level=info msg=mcp.request protocol=jsonrpc method=tools/call tool=search_graph status=ok duration_ms=0
level=info msg=mcp.request protocol=jsonrpc method=tools/call tool=trace_path status=ok duration_ms=0
level=info msg=mcp.request protocol=jsonrpc method=tools/call tool=search_graph status=ok duration_ms=1
level=info msg=mcp.request protocol=jsonrpc method=tools/call tool=trace_path status=ok duration_ms=1
level=info msg=mcp.request protocol=jsonrpc method=tools/call tool=search_graph status=ok duration_ms=1
level=info msg=mcp.request protocol=jsonrpc method=tools/call tool=trace_path status=ok duration_ms=1
level=info msg=mcp.request protocol=jsonrpc method=tools/call tool=search_graph status=ok duration_ms=0
level=info msg=mcp.request protocol=jsonrpc method=tools/call tool=trace_path status=ok duration_ms=0
level=info msg=mcp.request protocol=jsonrpc method=tools/call tool=search_graph status=ok duration_ms=1
level=info msg=mcp.request protocol=jsonrpc method=tools/call tool=trace_path status=ok duration_ms=1
level=info msg=mcp.request protocol=jsonrpc method=tools/call tool=search_graph status=ok duration_ms=0
level=info msg=mcp.request protocol=jsonrpc method=tools/call tool=trace_path status=ok duration_ms=1
level=info msg=mcp.request protocol=jsonrpc method=tools/call tool=search_graph status=ok duration_ms=0
level=info msg=mcp.request protocol=jsonrpc method=tools/call tool=trace_path status=ok duration_ms=0
level=info msg=mcp.request protocol=jsonrpc method=tools/call tool=search_graph status=ok duration_ms=1
level=info msg=mcp.request protocol=jsonrpc method=tools/call tool=trace_path status=ok duration_ms=0
level=info msg=mcp.request protocol=jsonrpc method=tools/call tool=search_graph status=ok duration_ms=1
level=info msg=mcp.request protocol=jsonrpc method=tools/call tool=trace_path status=ok duration_ms=0
level=info msg=mcp.request protocol=jsonrpc method=tools/call tool=search_graph status=ok duration_ms=0
level=info msg=mcp.request protocol=jsonrpc method=tools/call tool=trace_path status=ok duration_ms=0
level=info msg=mcp.request protocol=jsonrpc method=tools/call tool=search_graph status=ok duration_ms=0
level=info msg=mcp.request protocol=jsonrpc method=tools/call tool=trace_path status=ok duration_ms=1
level=info msg=mcp.request protocol=jsonrpc method=tools/call tool=search_graph status=ok duration_ms=0
level=info msg=mcp.request protocol=jsonrpc method=tools/call tool=trace_path status=ok duration_ms=1
level=info msg=mcp.request protocol=jsonrpc method=tools/call tool=search_graph status=ok duration_ms=0
level=info msg=mcp.request protocol=jsonrpc method=tools/call tool=trace_path status=ok duration_ms=0
level=info msg=mcp.request protocol=jsonrpc method=tools/call tool=search_graph status=ok duration_ms=0
level=info msg=mcp.request protocol=jsonrpc method=tools/call tool=trace_path status=ok duration_ms=1
level=info msg=mcp.request protocol=jsonrpc method=tools/call tool=search_graph status=ok duration_ms=0
level=info msg=mcp.request protocol=jsonrpc method=tools/call tool=trace_path status=ok duration_ms=1
level=info msg=mcp.request protocol=jsonrpc method=tools/call tool=search_graph status=ok duration_ms=1
level=info msg=mcp.request protocol=jsonrpc method=tools/call tool=trace_path status=ok duration_ms=1
level=info msg=mcp.request protocol=jsonrpc method=tools/call tool=search_graph status=ok duration_ms=1
level=info msg=mcp.request protocol=jsonrpc method=tools/call tool=trace_path status=ok duration_ms=1
level=info msg=mcp.request protocol=jsonrpc method=tools/call tool=search_graph status=ok duration_ms=1
level=info msg=mcp.request protocol=jsonrpc method=tools/call tool=trace_path status=ok duration_ms=1
level=info msg=mcp.request protocol=jsonrpc method=tools/call tool=search_graph status=ok duration_ms=0
level=info msg=mcp.request protocol=jsonrpc method=tools/call tool=trace_path status=ok duration_ms=0
level=info msg=mcp.request protocol=jsonrpc method=tools/call tool=search_graph status=ok duration_ms=0
level=info msg=mcp.request protocol=jsonrpc method=tools/call tool=trace_path status=ok duration_ms=0
level=info msg=index.supervisor.reap outcome=clean exit_code=0 signal=0
level=info msg=mcp.request protocol=jsonrpc method=tools/call tool=index_repository status=ok duration_ms=1638
level=info msg=mcp.request protocol=jsonrpc method=tools/call tool=search_graph status=ok duration_ms=1
level=info msg=mcp.request protocol=jsonrpc method=tools/call tool=trace_path status=ok duration_ms=1
level=info msg=mcp.request protocol=jsonrpc method=tools/call tool=search_graph status=ok duration_ms=0
level=info msg=mcp.request protocol=jsonrpc method=tools/call tool=trace_path status=ok duration_ms=0
level=info msg=mcp.request protocol=jsonrpc method=tools/call tool=search_graph status=ok duration_ms=0
level=info msg=mcp.request protocol=jsonrpc method=tools/call tool=trace_path status=ok duration_ms=0
level=info msg=mcp.request protocol=jsonrpc method=tools/call tool=search_graph status=ok duration_ms=0
level=info msg=mcp.request protocol=jsonrpc method=tools/call tool=trace_path status=ok duration_ms=1
level=info msg=mcp.request protocol=jsonrpc method=tools/call tool=search_graph status=ok duration_ms=0
level=info msg=mcp.request protocol=jsonrpc method=tools/call tool=trace_path status=ok duration_ms=0
level=info msg=mcp.request protocol=jsonrpc method=tools/call tool=search_graph status=ok duration_ms=0
level=info msg=mcp.request protocol=jsonrpc method=tools/call tool=trace_path status=ok duration_ms=0
level=info msg=mcp.request protocol=jsonrpc method=tools/call tool=search_graph status=ok duration_ms=0
level=info msg=mcp.request protocol=jsonrpc method=tools/call tool=trace_path status=ok duration_ms=0
level=info msg=mcp.request protocol=jsonrpc method=tools/call tool=search_graph status=ok duration_ms=1
level=info msg=mcp.request protocol=jsonrpc method=tools/call tool=trace_path status=ok duration_ms=1
level=info msg=mcp.request protocol=jsonrpc method=tools/call tool=search_graph status=ok duration_ms=0
level=info msg=mcp.request protocol=jsonrpc method=tools/call tool=trace_path status=ok duration_ms=0
level=info msg=mcp.request protocol=jsonrpc method=tools/call tool=search_graph status=ok duration_ms=0
level=info msg=mcp.request protocol=jsonrpc method=tools/call tool=trace_path status=ok duration_ms=1
level=info msg=mcp.request protocol=jsonrpc method=tools/call tool=search_graph status=ok duration_ms=0
level=info msg=mcp.request protocol=jsonrpc method=tools/call tool=trace_path status=ok duration_ms=0
level=info msg=mcp.request protocol=jsonrpc method=tools/call tool=search_graph status=ok duration_ms=0
level=info msg=mcp.request protocol=jsonrpc method=tools/call tool=trace_path status=ok duration_ms=0
level=info msg=mcp.request protocol=jsonrpc method=tools/call tool=search_graph status=ok duration_ms=1
level=info msg=mcp.request protocol=jsonrpc method=tools/call tool=trace_path status=ok duration_ms=1
level=info msg=mcp.request protocol=jsonrpc method=tools/call tool=search_graph status=ok duration_ms=0
level=info msg=mcp.request protocol=jsonrpc method=tools/call tool=trace_path status=ok duration_ms=1
level=info msg=mcp.request protocol=jsonrpc method=tools/call tool=search_graph status=ok duration_ms=1
level=info msg=mcp.request protocol=jsonrpc method=tools/call tool=trace_path status=ok duration_ms=0
level=info msg=mcp.request protocol=jsonrpc method=tools/call tool=search_graph status=ok duration_ms=1
level=info msg=mcp.request protocol=jsonrpc method=tools/call tool=trace_path status=ok duration_ms=0
level=info msg=mcp.request protocol=jsonrpc method=tools/call tool=search_graph status=ok duration_ms=0
level=info msg=mcp.request protocol=jsonrpc method=tools/call tool=trace_path status=ok duration_ms=1
level=info msg=mcp.request protocol=jsonrpc method=tools/call tool=search_graph status=ok duration_ms=0
level=info msg=mcp.request protocol=jsonrpc method=tools/call tool=trace_path status=ok duration_ms=0
level=info msg=mcp.request protocol=jsonrpc method=tools/call tool=search_graph status=ok duration_ms=1
level=info msg=mcp.request protocol=jsonrpc method=tools/call tool=trace_path status=ok duration_ms=1
level=info msg=mcp.request protocol=jsonrpc method=tools/call tool=search_graph status=ok duration_ms=0
level=info msg=mcp.request protocol=jsonrpc method=tools/call tool=trace_path status=ok duration_ms=0
level=info msg=mcp.request protocol=jsonrpc method=tools/call tool=search_graph status=ok duration_ms=0
level=info msg=mcp.request protocol=jsonrpc method=tools/call tool=trace_path status=ok duration_ms=0
level=info msg=mcp.request protocol=jsonrpc method=tools/call tool=search_graph status=ok duration_ms=0
level=info msg=mcp.request protocol=jsonrpc method=tools/call tool=trace_path status=ok duration_ms=0
level=info msg=mcp.request protocol=jsonrpc method=tools/call tool=search_graph status=ok duration_ms=0
level=info msg=mcp.request protocol=jsonrpc method=tools/call tool=trace_path status=ok duration_ms=1
level=info msg=mcp.request protocol=jsonrpc method=tools/call tool=search_graph status=ok duration_ms=0
level=info msg=mcp.request protocol=jsonrpc method=tools/call tool=trace_path status=ok duration_ms=0
level=info msg=mcp.request protocol=jsonrpc method=tools/call tool=search_graph status=ok duration_ms=1
level=info msg=mcp.request protocol=jsonrpc method=tools/call tool=trace_path status=ok duration_ms=1
level=info msg=mcp.request protocol=jsonrpc method=tools/call tool=search_graph status=ok duration_ms=0
level=info msg=mcp.request protocol=jsonrpc method=tools/call tool=trace_path status=ok duration_ms=0
level=info msg=mcp.request protocol=jsonrpc method=tools/call tool=search_graph status=ok duration_ms=1
level=info msg=mcp.request protocol=jsonrpc method=tools/call tool=trace_path status=ok duration_ms=1
level=info msg=mcp.request protocol=jsonrpc method=tools/call tool=search_graph status=ok duration_ms=0
level=info msg=mcp.request protocol=jsonrpc method=tools/call tool=trace_path status=ok duration_ms=0
level=info msg=mcp.request protocol=jsonrpc method=tools/call tool=search_graph status=ok duration_ms=1
level=info msg=mcp.request protocol=jsonrpc method=tools/call tool=trace_path status=ok duration_ms=0
level=info msg=mcp.request protocol=jsonrpc method=tools/call tool=search_graph status=ok duration_ms=0
level=info msg=mcp.request protocol=jsonrpc method=tools/call tool=trace_path status=ok duration_ms=1
level=info msg=mcp.request protocol=jsonrpc method=tools/call tool=search_graph status=ok duration_ms=1
level=info msg=mcp.request protocol=jsonrpc method=tools/call tool=trace_path status=ok duration_ms=0
level=info msg=mcp.request protocol=jsonrpc method=tools/call tool=search_graph status=ok duration_ms=0
level=info msg=mcp.request protocol=jsonrpc method=tools/call tool=trace_path status=ok duration_ms=0
level=info msg=mcp.request protocol=jsonrpc method=tools/call tool=search_graph status=ok duration_ms=1
level=info msg=mcp.request protocol=jsonrpc method=tools/call tool=trace_path status=ok duration_ms=0
level=info msg=mcp.request protocol=jsonrpc method=tools/call tool=search_graph status=ok duration_ms=1
level=info msg=mcp.request protocol=jsonrpc method=tools/call tool=trace_path status=ok duration_ms=0
level=info msg=mcp.request protocol=jsonrpc method=tools/call tool=search_graph status=ok duration_ms=1
level=info msg=mcp.request protocol=jsonrpc method=tools/call tool=trace_path status=ok duration_ms=1
level=info msg=mcp.request protocol=jsonrpc method=tools/call tool=search_graph status=ok duration_ms=0
level=info msg=mcp.request protocol=jsonrpc method=tools/call tool=trace_path status=ok duration_ms=0
level=info msg=mcp.request protocol=jsonrpc method=tools/call tool=search_graph status=ok duration_ms=0
level=info msg=mcp.request protocol=jsonrpc method=tools/call tool=trace_path status=ok duration_ms=0
level=info msg=mcp.request protocol=jsonrpc method=tools/call tool=search_graph status=ok duration_ms=0
level=info msg=mcp.request protocol=jsonrpc method=tools/call tool=trace_path status=ok duration_ms=0
level=info msg=mcp.request protocol=jsonrpc method=tools/call tool=search_graph status=ok duration_ms=1
level=info msg=mcp.request protocol=jsonrpc method=tools/call tool=trace_path status=ok duration_ms=1
level=info msg=mcp.request protocol=jsonrpc method=tools/call tool=search_graph status=ok duration_ms=1
level=info msg=mcp.request protocol=jsonrpc method=tools/call tool=trace_path status=ok duration_ms=0
level=info msg=mcp.request protocol=jsonrpc method=tools/call tool=search_graph status=ok duration_ms=0
level=info msg=mcp.request protocol=jsonrpc method=tools/call tool=trace_path status=ok duration_ms=0
level=info msg=mcp.request protocol=jsonrpc method=tools/call tool=search_graph status=ok duration_ms=0
level=info msg=mcp.request protocol=jsonrpc method=tools/call tool=trace_path status=ok duration_ms=0
level=info msg=mcp.request protocol=jsonrpc method=tools/call tool=search_graph status=ok duration_ms=0
level=info msg=mcp.request protocol=jsonrpc method=tools/call tool=trace_path status=ok duration_ms=0
level=info msg=mcp.request protocol=jsonrpc method=tools/call tool=search_graph status=ok duration_ms=1
level=info msg=mcp.request protocol=jsonrpc method=tools/call tool=trace_path status=ok duration_ms=1
level=info msg=mcp.request protocol=jsonrpc method=tools/call tool=search_graph status=ok duration_ms=0
level=info msg=mcp.request protocol=jsonrpc method=tools/call tool=trace_path status=ok duration_ms=0
level=info msg=mcp.request protocol=jsonrpc method=tools/call tool=search_graph status=ok duration_ms=1
level=info msg=mcp.request protocol=jsonrpc method=tools/call tool=trace_path status=ok duration_ms=0
level=info msg=mcp.request protocol=jsonrpc method=tools/call tool=search_graph status=ok duration_ms=0
level=info msg=mcp.request protocol=jsonrpc method=tools/call tool=trace_path status=ok duration_ms=0
level=info msg=mcp.request protocol=jsonrpc method=tools/call tool=search_graph status=ok duration_ms=1
level=info msg=mcp.request protocol=jsonrpc method=tools/call tool=trace_path status=ok duration_ms=1
level=info msg=mcp.request protocol=jsonrpc method=tools/call tool=search_graph status=ok duration_ms=0
level=info msg=mcp.request protocol=jsonrpc method=tools/call tool=trace_path status=ok duration_ms=0
level=info msg=mcp.request protocol=jsonrpc method=tools/call tool=search_graph status=ok duration_ms=0
level=info msg=mcp.request protocol=jsonrpc method=tools/call tool=trace_path status=ok duration_ms=0
level=info msg=mcp.request protocol=jsonrpc method=tools/call tool=search_graph status=ok duration_ms=0
level=info msg=mcp.request protocol=jsonrpc method=tools/call tool=trace_path status=ok duration_ms=0
level=info msg=mcp.request protocol=jsonrpc method=tools/call tool=search_graph status=ok duration_ms=0
level=info msg=mcp.request protocol=jsonrpc method=tools/call tool=trace_path status=ok duration_ms=1
level=info msg=mcp.request protocol=jsonrpc method=tools/call tool=search_graph status=ok duration_ms=0
level=info msg=mcp.request protocol=jsonrpc method=tools/call tool=trace_path status=ok duration_ms=0
level=info msg=mcp.request protocol=jsonrpc method=tools/call tool=search_graph status=ok duration_ms=1
level=info msg=mcp.request protocol=jsonrpc method=tools/call tool=trace_path status=ok duration_ms=0
level=info msg=mcp.request protocol=jsonrpc method=tools/call tool=search_graph status=ok duration_ms=1
level=info msg=mcp.request protocol=jsonrpc method=tools/call tool=trace_path status=ok duration_ms=1
level=info msg=mcp.request protocol=jsonrpc method=tools/call tool=search_graph status=ok duration_ms=0
level=info msg=mcp.request protocol=jsonrpc method=tools/call tool=trace_path status=ok duration_ms=1
level=info msg=mcp.request protocol=jsonrpc method=tools/call tool=search_graph status=ok duration_ms=1
level=info msg=mcp.request protocol=jsonrpc method=tools/call tool=trace_path status=ok duration_ms=1
level=info msg=index.supervisor.reap outcome=clean exit_code=0 signal=0
level=info msg=mcp.request protocol=jsonrpc method=tools/call tool=index_repository status=ok duration_ms=1678
level=info msg=mcp.request protocol=jsonrpc method=tools/call tool=search_graph status=ok duration_ms=0
level=info msg=mcp.request protocol=jsonrpc method=tools/call tool=trace_path status=ok duration_ms=0
level=info msg=mcp.request protocol=jsonrpc method=tools/call tool=search_graph status=ok duration_ms=1
level=info msg=mcp.request protocol=jsonrpc method=tools/call tool=trace_path status=ok duration_ms=0
level=info msg=mcp.request protocol=jsonrpc method=tools/call tool=search_graph status=ok duration_ms=0
level=info msg=mcp.request protocol=jsonrpc method=tools/call tool=trace_path status=ok duration_ms=1
level=info msg=mcp.request protocol=jsonrpc method=tools/call tool=search_graph status=ok duration_ms=1
level=info msg=mcp.request protocol=jsonrpc method=tools/call tool=trace_path status=ok duration_ms=1
level=info msg=mcp.request protocol=jsonrpc method=tools/call tool=search_graph status=ok duration_ms=1
level=info msg=mcp.request protocol=jsonrpc method=tools/call tool=trace_path status=ok duration_ms=1
level=info msg=mcp.request protocol=jsonrpc method=tools/call tool=search_graph status=ok duration_ms=0
level=info msg=mcp.request protocol=jsonrpc method=tools/call tool=trace_path status=ok duration_ms=0
level=info msg=mcp.request protocol=jsonrpc method=tools/call tool=search_graph status=ok duration_ms=1
level=info msg=mcp.request protocol=jsonrpc method=tools/call tool=trace_path status=ok duration_ms=0
level=info msg=mcp.request protocol=jsonrpc method=tools/call tool=search_graph status=ok duration_ms=0
level=info msg=mcp.request protocol=jsonrpc method=tools/call tool=trace_path status=ok duration_ms=0
level=info msg=mcp.request protocol=jsonrpc method=tools/call tool=search_graph status=ok duration_ms=0
level=info msg=mcp.request protocol=jsonrpc method=tools/call tool=trace_path status=ok duration_ms=0
level=info msg=mcp.request protocol=jsonrpc method=tools/call tool=search_graph status=ok duration_ms=1
level=info msg=mcp.request protocol=jsonrpc method=tools/call tool=trace_path status=ok duration_ms=1
level=info msg=mcp.request protocol=jsonrpc method=tools/call tool=search_graph status=ok duration_ms=1
level=info msg=mcp.request protocol=jsonrpc method=tools/call tool=trace_path status=ok duration_ms=1
level=info msg=mcp.request protocol=jsonrpc method=tools/call tool=search_graph status=ok duration_ms=0
level=info msg=mcp.request protocol=jsonrpc method=tools/call tool=trace_path status=ok duration_ms=0
level=info msg=mcp.request protocol=jsonrpc method=tools/call tool=search_graph status=ok duration_ms=0
level=info msg=mcp.request protocol=jsonrpc method=tools/call tool=trace_path status=ok duration_ms=0
level=info msg=mcp.request protocol=jsonrpc method=tools/call tool=search_graph status=ok duration_ms=1
level=info msg=mcp.request protocol=jsonrpc method=tools/call tool=trace_path status=ok duration_ms=1
level=info msg=mcp.request protocol=jsonrpc method=tools/call tool=search_graph status=ok duration_ms=0
level=info msg=mcp.request protocol=jsonrpc method=tools/call tool=trace_path status=ok duration_ms=0
level=info msg=mcp.request protocol=jsonrpc method=tools/call tool=search_graph status=ok duration_ms=1
level=info msg=mcp.request protocol=jsonrpc method=tools/call tool=trace_path status=ok duration_ms=0
level=info msg=mcp.request protocol=jsonrpc method=tools/call tool=search_graph status=ok duration_ms=1
level=info msg=mcp.request protocol=jsonrpc method=tools/call tool=trace_path status=ok duration_ms=1
level=info msg=mcp.request protocol=jsonrpc method=tools/call tool=search_graph status=ok duration_ms=0
level=info msg=mcp.request protocol=jsonrpc method=tools/call tool=trace_path status=ok duration_ms=1
level=info msg=mcp.request protocol=jsonrpc method=tools/call tool=search_graph status=ok duration_ms=0
level=info msg=mcp.request protocol=jsonrpc method=tools/call tool=trace_path status=ok duration_ms=0
level=info msg=mcp.request protocol=jsonrpc method=tools/call tool=search_graph status=ok duration_ms=0
level=info msg=mcp.request protocol=jsonrpc method=tools/call tool=trace_path status=ok duration_ms=1
level=info msg=mcp.request protocol=jsonrpc method=tools/call tool=search_graph status=ok duration_ms=0
level=info msg=mcp.request protocol=jsonrpc method=tools/call tool=trace_path status=ok duration_ms=0
level=info msg=mcp.request protocol=jsonrpc method=tools/call tool=search_graph status=ok duration_ms=0
level=info msg=mcp.request protocol=jsonrpc method=tools/call tool=trace_path status=ok duration_ms=0
level=info msg=mcp.request protocol=jsonrpc method=tools/call tool=search_graph status=ok duration_ms=0
level=info msg=mcp.request protocol=jsonrpc method=tools/call tool=trace_path status=ok duration_ms=0
level=info msg=mcp.request protocol=jsonrpc method=tools/call tool=search_graph status=ok duration_ms=0
level=info msg=mcp.request protocol=jsonrpc method=tools/call tool=trace_path status=ok duration_ms=0
level=info msg=mcp.request protocol=jsonrpc method=tools/call tool=search_graph status=ok duration_ms=0
level=info msg=mcp.request protocol=jsonrpc method=tools/call tool=trace_path status=ok duration_ms=0
level=info msg=mcp.request protocol=jsonrpc method=tools/call tool=search_graph status=ok duration_ms=1
level=info msg=mcp.request protocol=jsonrpc method=tools/call tool=trace_path status=ok duration_ms=1
level=info msg=mcp.request protocol=jsonrpc method=tools/call tool=search_graph status=ok duration_ms=0
level=info msg=mcp.request protocol=jsonrpc method=tools/call tool=trace_path status=ok duration_ms=0
level=info msg=mcp.request protocol=jsonrpc method=tools/call tool=search_graph status=ok duration_ms=1
level=info msg=mcp.request protocol=jsonrpc method=tools/call tool=trace_path status=ok duration_ms=1
level=info msg=mcp.request protocol=jsonrpc method=tools/call tool=search_graph status=ok duration_ms=1
level=info msg=mcp.request protocol=jsonrpc method=tools/call tool=trace_path status=ok duration_ms=1
level=info msg=mcp.request protocol=jsonrpc method=tools/call tool=search_graph status=ok duration_ms=0
level=info msg=mcp.request protocol=jsonrpc method=tools/call tool=trace_path status=ok duration_ms=0
level=info msg=mcp.request protocol=jsonrpc method=tools/call tool=search_graph status=ok duration_ms=1
level=info msg=mcp.request protocol=jsonrpc method=tools/call tool=trace_path status=ok duration_ms=1
level=info msg=mcp.request protocol=jsonrpc method=tools/call tool=search_graph status=ok duration_ms=0
level=info msg=mcp.request protocol=jsonrpc method=tools/call tool=trace_path status=ok duration_ms=1
level=info msg=mcp.request protocol=jsonrpc method=tools/call tool=search_graph status=ok duration_ms=0
level=info msg=mcp.request protocol=jsonrpc method=tools/call tool=trace_path status=ok duration_ms=1
level=info msg=mcp.request protocol=jsonrpc method=tools/call tool=search_graph status=ok duration_ms=1
level=info msg=mcp.request protocol=jsonrpc method=tools/call tool=trace_path status=ok duration_ms=1
level=info msg=mcp.request protocol=jsonrpc method=tools/call tool=search_graph status=ok duration_ms=1
level=info msg=mcp.request protocol=jsonrpc method=tools/call tool=trace_path status=ok duration_ms=1
level=info msg=mcp.request protocol=jsonrpc method=tools/call tool=search_graph status=ok duration_ms=0
level=info msg=mcp.request protocol=jsonrpc method=tools/call tool=trace_path status=ok duration_ms=0
level=info msg=mcp.request protocol=jsonrpc method=tools/call tool=search_graph status=ok duration_ms=1
level=info msg=mcp.request protocol=jsonrpc method=tools/call tool=trace_path status=ok duration_ms=1
level=info msg=mcp.request protocol=jsonrpc method=tools/call tool=search_graph status=ok duration_ms=1
level=info msg=mcp.request protocol=jsonrpc method=tools/call tool=trace_path status=ok duration_ms=0
level=info msg=mcp.request protocol=jsonrpc method=tools/call tool=search_graph status=ok duration_ms=0
level=info msg=mcp.request protocol=jsonrpc method=tools/call tool=trace_path status=ok duration_ms=1
level=info msg=mcp.request protocol=jsonrpc method=tools/call tool=search_graph status=ok duration_ms=1
level=info msg=mcp.request protocol=jsonrpc method=tools/call tool=trace_path status=ok duration_ms=1
level=info msg=mcp.request protocol=jsonrpc method=tools/call tool=search_graph status=ok duration_ms=1
level=info msg=mcp.request protocol=jsonrpc method=tools/call tool=trace_path status=ok duration_ms=0
level=info msg=mcp.request protocol=jsonrpc method=tools/call tool=search_graph status=ok duration_ms=0
level=info msg=mcp.request protocol=jsonrpc method=tools/call tool=trace_path status=ok duration_ms=0
level=info msg=mcp.request protocol=jsonrpc method=tools/call tool=search_graph status=ok duration_ms=1
level=info msg=mcp.request protocol=jsonrpc method=tools/call tool=trace_path status=ok duration_ms=0
level=info msg=mcp.request protocol=jsonrpc method=tools/call tool=search_graph status=ok duration_ms=0
level=info msg=mcp.request protocol=jsonrpc method=tools/call tool=trace_path status=ok duration_ms=0
level=info msg=mcp.request protocol=jsonrpc method=tools/call tool=search_graph status=ok duration_ms=0
level=info msg=mcp.request protocol=jsonrpc method=tools/call tool=trace_path status=ok duration_ms=0
level=info msg=mcp.request protocol=jsonrpc method=tools/call tool=search_graph status=ok duration_ms=1
level=info msg=mcp.request protocol=jsonrpc method=tools/call tool=trace_path status=ok duration_ms=0
level=info msg=mcp.request protocol=jsonrpc method=tools/call tool=search_graph status=ok duration_ms=1
level=info msg=mcp.request protocol=jsonrpc method=tools/call tool=trace_path status=ok duration_ms=1
level=info msg=mcp.request protocol=jsonrpc method=tools/call tool=search_graph status=ok duration_ms=0
level=info msg=mcp.request protocol=jsonrpc method=tools/call tool=trace_path status=ok duration_ms=0
level=info msg=mcp.request protocol=jsonrpc method=tools/call tool=search_graph status=ok duration_ms=1
level=info msg=mcp.request protocol=jsonrpc method=tools/call tool=trace_path status=ok duration_ms=0
level=info msg=mcp.request protocol=jsonrpc method=tools/call tool=search_graph status=ok duration_ms=0
level=info msg=mcp.request protocol=jsonrpc method=tools/call tool=trace_path status=ok duration_ms=0
level=info msg=mcp.request protocol=jsonrpc method=tools/call tool=search_graph status=ok duration_ms=0
level=info msg=mcp.request protocol=jsonrpc method=tools/call tool=trace_path status=ok duration_ms=1
level=info msg=mcp.request protocol=jsonrpc method=tools/call tool=search_graph status=ok duration_ms=0
level=info msg=mcp.request protocol=jsonrpc method=tools/call tool=trace_path status=ok duration_ms=0
level=info msg=mcp.request protocol=jsonrpc method=tools/call tool=search_graph status=ok duration_ms=2
level=info msg=mcp.request protocol=jsonrpc method=tools/call tool=trace_path status=ok duration_ms=1
level=info msg=mcp.request protocol=jsonrpc method=tools/call tool=search_graph status=ok duration_ms=1
level=info msg=mcp.request protocol=jsonrpc method=tools/call tool=trace_path status=ok duration_ms=1
level=info msg=mcp.request protocol=jsonrpc method=tools/call tool=search_graph status=ok duration_ms=1
level=info msg=mcp.request protocol=jsonrpc method=tools/call tool=trace_path status=ok duration_ms=1
level=info msg=mcp.request protocol=jsonrpc method=tools/call tool=search_graph status=ok duration_ms=2
level=info msg=mcp.request protocol=jsonrpc method=tools/call tool=trace_path status=ok duration_ms=1
level=info msg=mcp.request protocol=jsonrpc method=tools/call tool=search_graph status=ok duration_ms=1
level=info msg=mcp.request protocol=jsonrpc method=tools/call tool=trace_path status=ok duration_ms=1
level=info msg=mcp.request protocol=jsonrpc method=tools/call tool=search_graph status=ok duration_ms=1
level=info msg=mcp.request protocol=jsonrpc method=tools/call tool=trace_path status=ok duration_ms=1
level=info msg=index.supervisor.reap outcome=clean exit_code=0 signal=0
level=info msg=mcp.request protocol=jsonrpc method=tools/call tool=index_repository status=ok duration_ms=1712
level=info msg=mcp.request protocol=jsonrpc method=tools/call tool=search_graph status=ok duration_ms=1
level=info msg=mcp.request protocol=jsonrpc method=tools/call tool=trace_path status=ok duration_ms=0
level=info msg=mcp.request protocol=jsonrpc method=tools/call tool=search_graph status=ok duration_ms=0
level=info msg=mcp.request protocol=jsonrpc method=tools/call tool=trace_path status=ok duration_ms=0
level=info msg=mcp.request protocol=jsonrpc method=tools/call tool=search_graph status=ok duration_ms=1
level=info msg=mcp.request protocol=jsonrpc method=tools/call tool=trace_path status=ok duration_ms=1
level=info msg=mcp.request protocol=jsonrpc method=tools/call tool=search_graph status=ok duration_ms=1
level=info msg=mcp.request protocol=jsonrpc method=tools/call tool=trace_path status=ok duration_ms=1
level=info msg=mcp.request protocol=jsonrpc method=tools/call tool=search_graph status=ok duration_ms=0
level=info msg=mcp.request protocol=jsonrpc method=tools/call tool=trace_path status=ok duration_ms=1
level=info msg=mcp.request protocol=jsonrpc method=tools/call tool=search_graph status=ok duration_ms=1
level=info msg=mcp.request protocol=jsonrpc method=tools/call tool=trace_path status=ok duration_ms=0
level=info msg=mcp.request protocol=jsonrpc method=tools/call tool=search_graph status=ok duration_ms=0
level=info msg=mcp.request protocol=jsonrpc method=tools/call tool=trace_path status=ok duration_ms=1
level=info msg=mcp.request protocol=jsonrpc method=tools/call tool=search_graph status=ok duration_ms=1
level=info msg=mcp.request protocol=jsonrpc method=tools/call tool=trace_path status=ok duration_ms=1
level=info msg=mcp.request protocol=jsonrpc method=tools/call tool=search_graph status=ok duration_ms=1
level=info msg=mcp.request protocol=jsonrpc method=tools/call tool=trace_path status=ok duration_ms=1
level=info msg=mcp.request protocol=jsonrpc method=tools/call tool=search_graph status=ok duration_ms=1
level=info msg=mcp.request protocol=jsonrpc method=tools/call tool=trace_path status=ok duration_ms=1
level=info msg=mcp.request protocol=jsonrpc method=tools/call tool=search_graph status=ok duration_ms=1
level=info msg=mcp.request protocol=jsonrpc method=tools/call tool=trace_path status=ok duration_ms=0
level=info msg=mcp.request protocol=jsonrpc method=tools/call tool=search_graph status=ok duration_ms=1
level=info msg=mcp.request protocol=jsonrpc method=tools/call tool=trace_path status=ok duration_ms=1
level=info msg=mcp.request protocol=jsonrpc method=tools/call tool=search_graph status=ok duration_ms=1
level=info msg=mcp.request protocol=jsonrpc method=tools/call tool=trace_path status=ok duration_ms=1
level=info msg=mcp.request protocol=jsonrpc method=tools/call tool=search_graph status=ok duration_ms=1
level=info msg=mcp.request protocol=jsonrpc method=tools/call tool=trace_path status=ok duration_ms=0
level=info msg=mcp.request protocol=jsonrpc method=tools/call tool=search_graph status=ok duration_ms=1
level=info msg=mcp.request protocol=jsonrpc method=tools/call tool=trace_path status=ok duration_ms=0
level=info msg=mcp.request protocol=jsonrpc method=tools/call tool=search_graph status=ok duration_ms=1
level=info msg=mcp.request protocol=jsonrpc method=tools/call tool=trace_path status=ok duration_ms=1
level=info msg=mcp.request protocol=jsonrpc method=tools/call tool=search_graph status=ok duration_ms=1
level=info msg=mcp.request protocol=jsonrpc method=tools/call tool=trace_path status=ok duration_ms=1
level=info msg=mcp.request protocol=jsonrpc method=tools/call tool=search_graph status=ok duration_ms=1
level=info msg=mcp.request protocol=jsonrpc method=tools/call tool=trace_path status=ok duration_ms=1
level=info msg=mcp.request protocol=jsonrpc method=tools/call tool=search_graph status=ok duration_ms=1
level=info msg=mcp.request protocol=jsonrpc method=tools/call tool=trace_path status=ok duration_ms=1
level=info msg=mcp.request protocol=jsonrpc method=tools/call tool=search_graph status=ok duration_ms=0
level=info msg=mcp.request protocol=jsonrpc method=tools/call tool=trace_path status=ok duration_ms=0
level=info msg=mcp.request protocol=jsonrpc method=tools/call tool=search_graph status=ok duration_ms=0
level=info msg=mcp.request protocol=jsonrpc method=tools/call tool=trace_path status=ok duration_ms=0
level=info msg=mcp.request protocol=jsonrpc method=tools/call tool=search_graph status=ok duration_ms=0
level=info msg=mcp.request protocol=jsonrpc method=tools/call tool=trace_path status=ok duration_ms=0
level=info msg=mcp.request protocol=jsonrpc method=tools/call tool=search_graph status=ok duration_ms=0
level=info msg=mcp.request protocol=jsonrpc method=tools/call tool=trace_path status=ok duration_ms=0
level=info msg=mcp.request protocol=jsonrpc method=tools/call tool=search_graph status=ok duration_ms=1
level=info msg=mcp.request protocol=jsonrpc method=tools/call tool=trace_path status=ok duration_ms=1
level=info msg=mcp.request protocol=jsonrpc method=tools/call tool=search_graph status=ok duration_ms=1
level=info msg=mcp.request protocol=jsonrpc method=tools/call tool=trace_path status=ok duration_ms=1
level=info msg=mcp.request protocol=jsonrpc method=tools/call tool=search_graph status=ok duration_ms=1
level=info msg=mcp.request protocol=jsonrpc method=tools/call tool=trace_path status=ok duration_ms=0
level=info msg=mcp.request protocol=jsonrpc method=tools/call tool=search_graph status=ok duration_ms=1
level=info msg=mcp.request protocol=jsonrpc method=tools/call tool=trace_path status=ok duration_ms=1
level=info msg=mcp.request protocol=jsonrpc method=tools/call tool=search_graph status=ok duration_ms=0
level=info msg=mcp.request protocol=jsonrpc method=tools/call tool=trace_path status=ok duration_ms=0
level=info msg=mcp.request protocol=jsonrpc method=tools/call tool=search_graph status=ok duration_ms=1
level=info msg=mcp.request protocol=jsonrpc method=tools/call tool=trace_path status=ok duration_ms=1
level=info msg=mcp.request protocol=jsonrpc method=tools/call tool=search_graph status=ok duration_ms=1
level=info msg=mcp.request protocol=jsonrpc method=tools/call tool=trace_path status=ok duration_ms=1
level=info msg=mcp.request protocol=jsonrpc method=tools/call tool=search_graph status=ok duration_ms=1
level=info msg=mcp.request protocol=jsonrpc method=tools/call tool=trace_path status=ok duration_ms=1
level=info msg=mcp.request protocol=jsonrpc method=tools/call tool=search_graph status=ok duration_ms=1
level=info msg=mcp.request protocol=jsonrpc method=tools/call tool=trace_path status=ok duration_ms=1
level=info msg=mcp.request protocol=jsonrpc method=tools/call tool=search_graph status=ok duration_ms=1
level=info msg=mcp.request protocol=jsonrpc method=tools/call tool=trace_path status=ok duration_ms=1
level=info msg=mcp.request protocol=jsonrpc method=tools/call tool=search_graph status=ok duration_ms=1
level=info msg=mcp.request protocol=jsonrpc method=tools/call tool=trace_path status=ok duration_ms=1
level=info msg=mcp.request protocol=jsonrpc method=tools/call tool=search_graph status=ok duration_ms=1
level=info msg=mcp.request protocol=jsonrpc method=tools/call tool=trace_path status=ok duration_ms=1
level=info msg=mcp.request protocol=jsonrpc method=tools/call tool=search_graph status=ok duration_ms=1
level=info msg=mcp.request protocol=jsonrpc method=tools/call tool=trace_path status=ok duration_ms=1
level=info msg=mcp.request protocol=jsonrpc method=tools/call tool=search_graph status=ok duration_ms=0
level=info msg=mcp.request protocol=jsonrpc method=tools/call tool=trace_path status=ok duration_ms=1
level=info msg=mcp.request protocol=jsonrpc method=tools/call tool=search_graph status=ok duration_ms=1
level=info msg=mcp.request protocol=jsonrpc method=tools/call tool=trace_path status=ok duration_ms=0
level=info msg=mcp.request protocol=jsonrpc method=tools/call tool=search_graph status=ok duration_ms=1
level=info msg=mcp.request protocol=jsonrpc method=tools/call tool=trace_path status=ok duration_ms=1
level=info msg=mcp.request protocol=jsonrpc method=tools/call tool=search_graph status=ok duration_ms=1
level=info msg=mcp.request protocol=jsonrpc method=tools/call tool=trace_path status=ok duration_ms=1
level=info msg=mcp.request protocol=jsonrpc method=tools/call tool=search_graph status=ok duration_ms=2
level=info msg=mcp.request protocol=jsonrpc method=tools/call tool=trace_path status=ok duration_ms=1
level=info msg=mcp.request protocol=jsonrpc method=tools/call tool=search_graph status=ok duration_ms=0
level=info msg=mcp.request protocol=jsonrpc method=tools/call tool=trace_path status=ok duration_ms=0
level=info msg=mcp.request protocol=jsonrpc method=tools/call tool=search_graph status=ok duration_ms=1
level=info msg=mcp.request protocol=jsonrpc method=tools/call tool=trace_path status=ok duration_ms=1
level=info msg=mcp.request protocol=jsonrpc method=tools/call tool=search_graph status=ok duration_ms=1
level=info msg=mcp.request protocol=jsonrpc method=tools/call tool=trace_path status=ok duration_ms=1
level=info msg=mcp.request protocol=jsonrpc method=tools/call tool=search_graph status=ok duration_ms=1
level=info msg=mcp.request protocol=jsonrpc method=tools/call tool=trace_path status=ok duration_ms=1
level=info msg=mcp.request protocol=jsonrpc method=tools/call tool=search_graph status=ok duration_ms=0
level=info msg=mcp.request protocol=jsonrpc method=tools/call tool=trace_path status=ok duration_ms=1
level=info msg=mcp.request protocol=jsonrpc method=tools/call tool=search_graph status=ok duration_ms=1
level=info msg=mcp.request protocol=jsonrpc method=tools/call tool=trace_path status=ok duration_ms=0
level=info msg=mcp.request protocol=jsonrpc method=tools/call tool=search_graph status=ok duration_ms=0
level=info msg=mcp.request protocol=jsonrpc method=tools/call tool=trace_path status=ok duration_ms=0
level=info msg=mcp.request protocol=jsonrpc method=tools/call tool=search_graph status=ok duration_ms=0
level=info msg=mcp.request protocol=jsonrpc method=tools/call tool=trace_path status=ok duration_ms=1
level=info msg=mcp.request protocol=jsonrpc method=tools/call tool=search_graph status=ok duration_ms=1
level=info msg=mcp.request protocol=jsonrpc method=tools/call tool=trace_path status=ok duration_ms=1
level=info msg=mcp.request protocol=jsonrpc method=tools/call tool=search_graph status=ok duration_ms=1
level=info msg=mcp.request protocol=jsonrpc method=tools/call tool=trace_path status=ok duration_ms=1
level=info msg=mcp.request protocol=jsonrpc method=tools/call tool=search_graph status=ok duration_ms=0
level=info msg=mcp.request protocol=jsonrpc method=tools/call tool=trace_path status=ok duration_ms=1
level=info msg=mcp.request protocol=jsonrpc method=tools/call tool=search_graph status=ok duration_ms=1
level=info msg=mcp.request protocol=jsonrpc method=tools/call tool=trace_path status=ok duration_ms=1
level=info msg=mcp.request protocol=jsonrpc method=tools/call tool=search_graph status=ok duration_ms=1
level=info msg=mcp.request protocol=jsonrpc method=tools/call tool=trace_path status=ok duration_ms=1
level=info msg=mcp.request protocol=jsonrpc method=tools/call tool=search_graph status=ok duration_ms=1
level=info msg=mcp.request protocol=jsonrpc method=tools/call tool=trace_path status=ok duration_ms=1
level=info msg=mcp.request protocol=jsonrpc method=tools/call tool=search_graph status=ok duration_ms=1
level=info msg=mcp.request protocol=jsonrpc method=tools/call tool=trace_path status=ok duration_ms=1
level=info msg=mcp.request protocol=jsonrpc method=tools/call tool=search_graph status=ok duration_ms=1
level=info msg=mcp.request protocol=jsonrpc method=tools/call tool=trace_path status=ok duration_ms=1
level=info msg=index.supervisor.reap outcome=clean exit_code=0 signal=0
level=info msg=mcp.request protocol=jsonrpc method=tools/call tool=index_repository status=ok duration_ms=1636
level=info msg=mcp.request protocol=jsonrpc method=tools/call tool=search_graph status=ok duration_ms=1
level=info msg=mcp.request protocol=jsonrpc method=tools/call tool=trace_path status=ok duration_ms=1
level=info msg=mcp.request protocol=jsonrpc method=tools/call tool=search_graph status=ok duration_ms=1
level=info msg=mcp.request protocol=jsonrpc method=tools/call tool=trace_path status=ok duration_ms=1
level=info msg=mcp.request protocol=jsonrpc method=tools/call tool=search_graph status=ok duration_ms=1
level=info msg=mcp.request protocol=jsonrpc method=tools/call tool=trace_path status=ok duration_ms=1
level=info msg=mcp.request protocol=jsonrpc method=tools/call tool=search_graph status=ok duration_ms=1
level=info msg=mcp.request protocol=jsonrpc method=tools/call tool=trace_path status=ok duration_ms=0
level=info msg=mcp.request protocol=jsonrpc method=tools/call tool=search_graph status=ok duration_ms=1
level=info msg=mcp.request protocol=jsonrpc method=tools/call tool=trace_path status=ok duration_ms=1
level=info msg=mcp.request protocol=jsonrpc method=tools/call tool=search_graph status=ok duration_ms=1
level=info msg=mcp.request protocol=jsonrpc method=tools/call tool=trace_path status=ok duration_ms=1
level=info msg=mcp.request protocol=jsonrpc method=tools/call tool=search_graph status=ok duration_ms=0
level=info msg=mcp.request protocol=jsonrpc method=tools/call tool=trace_path status=ok duration_ms=0
level=info msg=mcp.request protocol=jsonrpc method=tools/call tool=search_graph status=ok duration_ms=1
level=info msg=mcp.request protocol=jsonrpc method=tools/call tool=trace_path status=ok duration_ms=1
level=info msg=mcp.request protocol=jsonrpc method=tools/call tool=search_graph status=ok duration_ms=1
level=info msg=mcp.request protocol=jsonrpc method=tools/call tool=trace_path status=ok duration_ms=1
level=info msg=mcp.request protocol=jsonrpc method=tools/call tool=search_graph status=ok duration_ms=2
level=info msg=mcp.request protocol=jsonrpc method=tools/call tool=trace_path status=ok duration_ms=1
level=info msg=mcp.request protocol=jsonrpc method=tools/call tool=search_graph status=ok duration_ms=2
level=info msg=mcp.request protocol=jsonrpc method=tools/call tool=trace_path status=ok duration_ms=1
level=info msg=mcp.request protocol=jsonrpc method=tools/call tool=search_graph status=ok duration_ms=1
level=info msg=mcp.request protocol=jsonrpc method=tools/call tool=trace_path status=ok duration_ms=1
level=info msg=mcp.request protocol=jsonrpc method=tools/call tool=search_graph status=ok duration_ms=2
level=info msg=mcp.request protocol=jsonrpc method=tools/call tool=trace_path status=ok duration_ms=1
level=info msg=mcp.request protocol=jsonrpc method=tools/call tool=search_graph status=ok duration_ms=1
level=info msg=mcp.request protocol=jsonrpc method=tools/call tool=trace_path status=ok duration_ms=1
level=info msg=mcp.request protocol=jsonrpc method=tools/call tool=search_graph status=ok duration_ms=1
level=info msg=mcp.request protocol=jsonrpc method=tools/call tool=trace_path status=ok duration_ms=0
level=info msg=mcp.request protocol=jsonrpc method=tools/call tool=search_graph status=ok duration_ms=1
level=info msg=mcp.request protocol=jsonrpc method=tools/call tool=trace_path status=ok duration_ms=1
level=info msg=mcp.request protocol=jsonrpc method=tools/call tool=search_graph status=ok duration_ms=1
level=info msg=mcp.request protocol=jsonrpc method=tools/call tool=trace_path status=ok duration_ms=0
level=info msg=mcp.request protocol=jsonrpc method=tools/call tool=search_graph status=ok duration_ms=1
level=info msg=mcp.request protocol=jsonrpc method=tools/call tool=trace_path status=ok duration_ms=1
level=info msg=mcp.request protocol=jsonrpc method=tools/call tool=search_graph status=ok duration_ms=0
level=info msg=mcp.request protocol=jsonrpc method=tools/call tool=trace_path status=ok duration_ms=0
level=info msg=mcp.request protocol=jsonrpc method=tools/call tool=search_graph status=ok duration_ms=0
level=info msg=mcp.request protocol=jsonrpc method=tools/call tool=trace_path status=ok duration_ms=0
level=info msg=mcp.request protocol=jsonrpc method=tools/call tool=search_graph status=ok duration_ms=0
level=info msg=mcp.request protocol=jsonrpc method=tools/call tool=trace_path status=ok duration_ms=0
level=info msg=mcp.request protocol=jsonrpc method=tools/call tool=search_graph status=ok duration_ms=0
level=info msg=mcp.request protocol=jsonrpc method=tools/call tool=trace_path status=ok duration_ms=0
level=info msg=mcp.request protocol=jsonrpc method=tools/call tool=search_graph status=ok duration_ms=0
level=info msg=mcp.request protocol=jsonrpc method=tools/call tool=trace_path status=ok duration_ms=0
level=info msg=mcp.request protocol=jsonrpc method=tools/call tool=search_graph status=ok duration_ms=1
level=info msg=mcp.request protocol=jsonrpc method=tools/call tool=trace_path status=ok duration_ms=1
level=info msg=mcp.request protocol=jsonrpc method=tools/call tool=search_graph status=ok duration_ms=1
level=info msg=mcp.request protocol=jsonrpc method=tools/call tool=trace_path status=ok duration_ms=1
level=info msg=mcp.request protocol=jsonrpc method=tools/call tool=search_graph status=ok duration_ms=1
level=info msg=mcp.request protocol=jsonrpc method=tools/call tool=trace_path status=ok duration_ms=1
level=info msg=mcp.request protocol=jsonrpc method=tools/call tool=search_graph status=ok duration_ms=1
level=info msg=mcp.request protocol=jsonrpc method=tools/call tool=trace_path status=ok duration_ms=1
level=info msg=mcp.request protocol=jsonrpc method=tools/call tool=search_graph status=ok duration_ms=1
level=info msg=mcp.request protocol=jsonrpc method=tools/call tool=trace_path status=ok duration_ms=1
level=info msg=mcp.request protocol=jsonrpc method=tools/call tool=search_graph status=ok duration_ms=1
level=info msg=mcp.request protocol=jsonrpc method=tools/call tool=trace_path status=ok duration_ms=1
level=info msg=mcp.request protocol=jsonrpc method=tools/call tool=search_graph status=ok duration_ms=1
level=info msg=mcp.request protocol=jsonrpc method=tools/call tool=trace_path status=ok duration_ms=1
level=info msg=mcp.request protocol=jsonrpc method=tools/call tool=search_graph status=ok duration_ms=1
level=info msg=mcp.request protocol=jsonrpc method=tools/call tool=trace_path status=ok duration_ms=1
level=info msg=mcp.request protocol=jsonrpc method=tools/call tool=search_graph status=ok duration_ms=1
level=info msg=mcp.request protocol=jsonrpc method=tools/call tool=trace_path status=ok duration_ms=1
level=info msg=mcp.request protocol=jsonrpc method=tools/call tool=search_graph status=ok duration_ms=1
level=info msg=mcp.request protocol=jsonrpc method=tools/call tool=trace_path status=ok duration_ms=1
level=info msg=mcp.request protocol=jsonrpc method=tools/call tool=search_graph status=ok duration_ms=1
level=info msg=mcp.request protocol=jsonrpc method=tools/call tool=trace_path status=ok duration_ms=1
level=info msg=mcp.request protocol=jsonrpc method=tools/call tool=search_graph status=ok duration_ms=1
level=info msg=mcp.request protocol=jsonrpc method=tools/call tool=trace_path status=ok duration_ms=1
level=info msg=mcp.request protocol=jsonrpc method=tools/call tool=search_graph status=ok duration_ms=1
level=info msg=mcp.request protocol=jsonrpc method=tools/call tool=trace_path status=ok duration_ms=1
level=info msg=mcp.request protocol=jsonrpc method=tools/call tool=search_graph status=ok duration_ms=1
level=info msg=mcp.request protocol=jsonrpc method=tools/call tool=trace_path status=ok duration_ms=1
level=info msg=mcp.request protocol=jsonrpc method=tools/call tool=search_graph status=ok duration_ms=1
level=info msg=mcp.request protocol=jsonrpc method=tools/call tool=trace_path status=ok duration_ms=0
level=info msg=mcp.request protocol=jsonrpc method=tools/call tool=search_graph status=ok duration_ms=1
level=info msg=mcp.request protocol=jsonrpc method=tools/call tool=trace_path status=ok duration_ms=1
level=info msg=mcp.request protocol=jsonrpc method=tools/call tool=search_graph status=ok duration_ms=1
level=info msg=mcp.request protocol=jsonrpc method=tools/call tool=trace_path status=ok duration_ms=1
level=info msg=mcp.request protocol=jsonrpc method=tools/call tool=search_graph status=ok duration_ms=1
level=info msg=mcp.request protocol=jsonrpc method=tools/call tool=trace_path status=ok duration_ms=1
level=info msg=mcp.request protocol=jsonrpc method=tools/call tool=search_graph status=ok duration_ms=1
level=info msg=mcp.request protocol=jsonrpc method=tools/call tool=trace_path status=ok duration_ms=0
level=info msg=mcp.request protocol=jsonrpc method=tools/call tool=search_graph status=ok duration_ms=1
level=info msg=mcp.request protocol=jsonrpc method=tools/call tool=trace_path status=ok duration_ms=1
level=info msg=mcp.request protocol=jsonrpc method=tools/call tool=search_graph status=ok duration_ms=1
level=info msg=mcp.request protocol=jsonrpc method=tools/call tool=trace_path status=ok duration_ms=0
level=info msg=mcp.request protocol=jsonrpc method=tools/call tool=search_graph status=ok duration_ms=1
level=info msg=mcp.request protocol=jsonrpc method=tools/call tool=trace_path status=ok duration_ms=1
level=info msg=mcp.request protocol=jsonrpc method=tools/call tool=search_graph status=ok duration_ms=1
level=info msg=mcp.request protocol=jsonrpc method=tools/call tool=trace_path status=ok duration_ms=1
level=info msg=mcp.request protocol=jsonrpc method=tools/call tool=search_graph status=ok duration_ms=1
level=info msg=mcp.request protocol=jsonrpc method=tools/call tool=trace_path status=ok duration_ms=1
level=info msg=mcp.request protocol=jsonrpc method=tools/call tool=search_graph status=ok duration_ms=1
level=info msg=mcp.request protocol=jsonrpc method=tools/call tool=trace_path status=ok duration_ms=1
level=info msg=mcp.request protocol=jsonrpc method=tools/call tool=search_graph status=ok duration_ms=0
level=info msg=mcp.request protocol=jsonrpc method=tools/call tool=trace_path status=ok duration_ms=0
level=info msg=mcp.request protocol=jsonrpc method=tools/call tool=search_graph status=ok duration_ms=0
level=info msg=mcp.request protocol=jsonrpc method=tools/call tool=trace_path status=ok duration_ms=0
level=info msg=mcp.request protocol=jsonrpc method=tools/call tool=search_graph status=ok duration_ms=0
level=info msg=mcp.request protocol=jsonrpc method=tools/call tool=trace_path status=ok duration_ms=0
level=info msg=mcp.request protocol=jsonrpc method=tools/call tool=search_graph status=ok duration_ms=1
level=info msg=mcp.request protocol=jsonrpc method=tools/call tool=trace_path status=ok duration_ms=1
level=info msg=mcp.request protocol=jsonrpc method=tools/call tool=search_graph status=ok duration_ms=1
level=info msg=mcp.request protocol=jsonrpc method=tools/call tool=trace_path status=ok duration_ms=0
level=info msg=mcp.request protocol=jsonrpc method=tools/call tool=search_graph status=ok duration_ms=1
level=info msg=mcp.request protocol=jsonrpc method=tools/call tool=trace_path status=ok duration_ms=1
level=info msg=mcp.request protocol=jsonrpc method=tools/call tool=search_graph status=ok duration_ms=1
level=info msg=mcp.request protocol=jsonrpc method=tools/call tool=trace_path status=ok duration_ms=1
level=info msg=mcp.request protocol=jsonrpc method=tools/call tool=search_graph status=ok duration_ms=1
level=info msg=mcp.request protocol=jsonrpc method=tools/call tool=trace_path status=ok duration_ms=1
level=info msg=mcp.request protocol=jsonrpc method=tools/call tool=search_graph status=ok duration_ms=1
level=info msg=mcp.request protocol=jsonrpc method=tools/call tool=trace_path status=ok duration_ms=1
level=info msg=index.supervisor.reap outcome=clean exit_code=0 signal=0
level=info msg=mcp.request protocol=jsonrpc method=tools/call tool=index_repository status=ok duration_ms=1609
level=info msg=mcp.request protocol=jsonrpc method=tools/call tool=search_graph status=ok duration_ms=1
level=info msg=mcp.request protocol=jsonrpc method=tools/call tool=trace_path status=ok duration_ms=1
level=info msg=mcp.request protocol=jsonrpc method=tools/call tool=search_graph status=ok duration_ms=1
level=info msg=mcp.request protocol=jsonrpc method=tools/call tool=trace_path status=ok duration_ms=1
level=info msg=mcp.request protocol=jsonrpc method=tools/call tool=search_graph status=ok duration_ms=2
level=info msg=mcp.request protocol=jsonrpc method=tools/call tool=trace_path status=ok duration_ms=1
level=info msg=mcp.request protocol=jsonrpc method=tools/call tool=search_graph status=ok duration_ms=1
level=info msg=mcp.request protocol=jsonrpc method=tools/call tool=trace_path status=ok duration_ms=0
level=info msg=mcp.request protocol=jsonrpc method=tools/call tool=search_graph status=ok duration_ms=2
level=info msg=mcp.request protocol=jsonrpc method=tools/call tool=trace_path status=ok duration_ms=1
level=info msg=mcp.request protocol=jsonrpc method=tools/call tool=search_graph status=ok duration_ms=2
level=info msg=mcp.request protocol=jsonrpc method=tools/call tool=trace_path status=ok duration_ms=1
level=info msg=mcp.request protocol=jsonrpc method=tools/call tool=search_graph status=ok duration_ms=0
level=info msg=mcp.request protocol=jsonrpc method=tools/call tool=trace_path status=ok duration_ms=0
level=info msg=mcp.request protocol=jsonrpc method=tools/call tool=search_graph status=ok duration_ms=2
level=info msg=mcp.request protocol=jsonrpc method=tools/call tool=trace_path status=ok duration_ms=1
level=info msg=mcp.request protocol=jsonrpc method=tools/call tool=search_graph status=ok duration_ms=1
level=info msg=mcp.request protocol=jsonrpc method=tools/call tool=trace_path status=ok duration_ms=1
level=info msg=mcp.request protocol=jsonrpc method=tools/call tool=search_graph status=ok duration_ms=2
level=info msg=mcp.request protocol=jsonrpc method=tools/call tool=trace_path status=ok duration_ms=1
level=info msg=mcp.request protocol=jsonrpc method=tools/call tool=search_graph status=ok duration_ms=1
level=info msg=mcp.request protocol=jsonrpc method=tools/call tool=trace_path status=ok duration_ms=1
level=info msg=mcp.request protocol=jsonrpc method=tools/call tool=search_graph status=ok duration_ms=1
level=info msg=mcp.request protocol=jsonrpc method=tools/call tool=trace_path status=ok duration_ms=1
level=info msg=mcp.request protocol=jsonrpc method=tools/call tool=search_graph status=ok duration_ms=1
level=info msg=mcp.request protocol=jsonrpc method=tools/call tool=trace_path status=ok duration_ms=1
level=info msg=mcp.request protocol=jsonrpc method=tools/call tool=search_graph status=ok duration_ms=1
level=info msg=mcp.request protocol=jsonrpc method=tools/call tool=trace_path status=ok duration_ms=1
level=info msg=mcp.request protocol=jsonrpc method=tools/call tool=search_graph status=ok duration_ms=1
level=info msg=mcp.request protocol=jsonrpc method=tools/call tool=trace_path status=ok duration_ms=1
level=info msg=mcp.request protocol=jsonrpc method=tools/call tool=search_graph status=ok duration_ms=1
level=info msg=mcp.request protocol=jsonrpc method=tools/call tool=trace_path status=ok duration_ms=1
level=info msg=mcp.request protocol=jsonrpc method=tools/call tool=search_graph status=ok duration_ms=0
level=info msg=mcp.request protocol=jsonrpc method=tools/call tool=trace_path status=ok duration_ms=0
level=info msg=mcp.request protocol=jsonrpc method=tools/call tool=search_graph status=ok duration_ms=1
level=info msg=mcp.request protocol=jsonrpc method=tools/call tool=trace_path status=ok duration_ms=1
level=info msg=mcp.request protocol=jsonrpc method=tools/call tool=search_graph status=ok duration_ms=1
level=info msg=mcp.request protocol=jsonrpc method=tools/call tool=trace_path status=ok duration_ms=1
level=info msg=mcp.request protocol=jsonrpc method=tools/call tool=search_graph status=ok duration_ms=0
level=info msg=mcp.request protocol=jsonrpc method=tools/call tool=trace_path status=ok duration_ms=0
level=info msg=mcp.request protocol=jsonrpc method=tools/call tool=search_graph status=ok duration_ms=0
level=info msg=mcp.request protocol=jsonrpc method=tools/call tool=trace_path status=ok duration_ms=0
level=info msg=mcp.request protocol=jsonrpc method=tools/call tool=search_graph status=ok duration_ms=1
level=info msg=mcp.request protocol=jsonrpc method=tools/call tool=trace_path status=ok duration_ms=1
level=info msg=mcp.request protocol=jsonrpc method=tools/call tool=search_graph status=ok duration_ms=0
level=info msg=mcp.request protocol=jsonrpc method=tools/call tool=trace_path status=ok duration_ms=0
level=info msg=mcp.request protocol=jsonrpc method=tools/call tool=search_graph status=ok duration_ms=0
level=info msg=mcp.request protocol=jsonrpc method=tools/call tool=trace_path status=ok duration_ms=0
level=info msg=mcp.request protocol=jsonrpc method=tools/call tool=search_graph status=ok duration_ms=1
level=info msg=mcp.request protocol=jsonrpc method=tools/call tool=trace_path status=ok duration_ms=0
level=info msg=mcp.request protocol=jsonrpc method=tools/call tool=search_graph status=ok duration_ms=0
level=info msg=mcp.request protocol=jsonrpc method=tools/call tool=trace_path status=ok duration_ms=0
level=info msg=mcp.request protocol=jsonrpc method=tools/call tool=search_graph status=ok duration_ms=1
level=info msg=mcp.request protocol=jsonrpc method=tools/call tool=trace_path status=ok duration_ms=1
level=info msg=mcp.request protocol=jsonrpc method=tools/call tool=search_graph status=ok duration_ms=1
level=info msg=mcp.request protocol=jsonrpc method=tools/call tool=trace_path status=ok duration_ms=0
level=info msg=mcp.request protocol=jsonrpc method=tools/call tool=search_graph status=ok duration_ms=0
level=info msg=mcp.request protocol=jsonrpc method=tools/call tool=trace_path status=ok duration_ms=1
level=info msg=mcp.request protocol=jsonrpc method=tools/call tool=search_graph status=ok duration_ms=0
level=info msg=mcp.request protocol=jsonrpc method=tools/call tool=trace_path status=ok duration_ms=0
level=info msg=mcp.request protocol=jsonrpc method=tools/call tool=search_graph status=ok duration_ms=0
level=info msg=mcp.request protocol=jsonrpc method=tools/call tool=trace_path status=ok duration_ms=0
level=info msg=mcp.request protocol=jsonrpc method=tools/call tool=search_graph status=ok duration_ms=0
level=info msg=mcp.request protocol=jsonrpc method=tools/call tool=trace_path status=ok duration_ms=0
level=info msg=mcp.request protocol=jsonrpc method=tools/call tool=search_graph status=ok duration_ms=0
level=info msg=mcp.request protocol=jsonrpc method=tools/call tool=trace_path status=ok duration_ms=0
level=info msg=mcp.request protocol=jsonrpc method=tools/call tool=search_graph status=ok duration_ms=0
level=info msg=mcp.request protocol=jsonrpc method=tools/call tool=trace_path status=ok duration_ms=0
level=info msg=mcp.request protocol=jsonrpc method=tools/call tool=search_graph status=ok duration_ms=0
level=info msg=mcp.request protocol=jsonrpc method=tools/call tool=trace_path status=ok duration_ms=0
level=info msg=mcp.request protocol=jsonrpc method=tools/call tool=search_graph status=ok duration_ms=0
level=info msg=mcp.request protocol=jsonrpc method=tools/call tool=trace_path status=ok duration_ms=0
level=info msg=mcp.request protocol=jsonrpc method=tools/call tool=search_graph status=ok duration_ms=0
level=info msg=mcp.request protocol=jsonrpc method=tools/call tool=trace_path status=ok duration_ms=0
level=info msg=mcp.request protocol=jsonrpc method=tools/call tool=search_graph status=ok duration_ms=0
level=info msg=mcp.request protocol=jsonrpc method=tools/call tool=trace_path status=ok duration_ms=0
level=info msg=mcp.request protocol=jsonrpc method=tools/call tool=search_graph status=ok duration_ms=0
level=info msg=mcp.request protocol=jsonrpc method=tools/call tool=trace_path status=ok duration_ms=0
level=info msg=mcp.request protocol=jsonrpc method=tools/call tool=search_graph status=ok duration_ms=0
level=info msg=mcp.request protocol=jsonrpc method=tools/call tool=trace_path status=ok duration_ms=0
level=info msg=mcp.request protocol=jsonrpc method=tools/call tool=search_graph status=ok duration_ms=0
level=info msg=mcp.request protocol=jsonrpc method=tools/call tool=trace_path status=ok duration_ms=0
level=info msg=mcp.request protocol=jsonrpc method=tools/call tool=search_graph status=ok duration_ms=0
level=info msg=mcp.request protocol=jsonrpc method=tools/call tool=trace_path status=ok duration_ms=0
level=info msg=mcp.request protocol=jsonrpc method=tools/call tool=search_graph status=ok duration_ms=0
level=info msg=mcp.request protocol=jsonrpc method=tools/call tool=trace_path status=ok duration_ms=0
level=info msg=mcp.request protocol=jsonrpc method=tools/call tool=search_graph status=ok duration_ms=0
level=info msg=mcp.request protocol=jsonrpc method=tools/call tool=trace_path status=ok duration_ms=0
level=info msg=mcp.request protocol=jsonrpc method=tools/call tool=search_graph status=ok duration_ms=0
level=info msg=mcp.request protocol=jsonrpc method=tools/call tool=trace_path status=ok duration_ms=0
level=info msg=mcp.request protocol=jsonrpc method=tools/call tool=search_graph status=ok duration_ms=0
level=info msg=mcp.request protocol=jsonrpc method=tools/call tool=trace_path status=ok duration_ms=0
level=info msg=mcp.request protocol=jsonrpc method=tools/call tool=search_graph status=ok duration_ms=0
level=info msg=mcp.request protocol=jsonrpc method=tools/call tool=trace_path status=ok duration_ms=0
level=info msg=mcp.request protocol=jsonrpc method=tools/call tool=search_graph status=ok duration_ms=0
level=info msg=mcp.request protocol=jsonrpc method=tools/call tool=trace_path status=ok duration_ms=0
level=info msg=mcp.request protocol=jsonrpc method=tools/call tool=search_graph status=ok duration_ms=0
level=info msg=mcp.request protocol=jsonrpc method=tools/call tool=trace_path status=ok duration_ms=0
level=info msg=mcp.request protocol=jsonrpc method=tools/call tool=search_graph status=ok duration_ms=0
level=info msg=mcp.request protocol=jsonrpc method=tools/call tool=trace_path status=ok duration_ms=1
level=info msg=mcp.request protocol=jsonrpc method=tools/call tool=search_graph status=ok duration_ms=0
level=info msg=mcp.request protocol=jsonrpc method=tools/call tool=trace_path status=ok duration_ms=0
level=info msg=mcp.request protocol=jsonrpc method=tools/call tool=search_graph status=ok duration_ms=0
level=info msg=mcp.request protocol=jsonrpc method=tools/call tool=trace_path status=ok duration_ms=0
level=info msg=mcp.request protocol=jsonrpc method=tools/call tool=search_graph status=ok duration_ms=0
level=info msg=mcp.request protocol=jsonrpc method=tools/call tool=trace_path status=ok duration_ms=0
level=info msg=mcp.request protocol=jsonrpc method=tools/call tool=search_graph status=ok duration_ms=0
level=info msg=mcp.request protocol=jsonrpc method=tools/call tool=trace_path status=ok duration_ms=0
level=info msg=mcp.request protocol=jsonrpc method=tools/call tool=search_graph status=ok duration_ms=0
level=info msg=mcp.request protocol=jsonrpc method=tools/call tool=trace_path status=ok duration_ms=0
level=info msg=mcp.request protocol=jsonrpc method=tools/call tool=search_graph status=ok duration_ms=0
level=info msg=mcp.request protocol=jsonrpc method=tools/call tool=trace_path status=ok duration_ms=0
level=info msg=mcp.request protocol=jsonrpc method=tools/call tool=search_graph status=ok duration_ms=0
level=info msg=mcp.request protocol=jsonrpc method=tools/call tool=trace_path status=ok duration_ms=1
level=info msg=mcp.request protocol=jsonrpc method=tools/call tool=search_graph status=ok duration_ms=0
level=info msg=mcp.request protocol=jsonrpc method=tools/call tool=trace_path status=ok duration_ms=0
level=info msg=index.supervisor.reap outcome=clean exit_code=0 signal=0
level=info msg=mcp.request protocol=jsonrpc method=tools/call tool=index_repository status=ok duration_ms=1647
level=info msg=mcp.request protocol=jsonrpc method=tools/call tool=search_graph status=ok duration_ms=0
level=info msg=mcp.request protocol=jsonrpc method=tools/call tool=trace_path status=ok duration_ms=0
level=info msg=mcp.request protocol=jsonrpc method=tools/call tool=search_graph status=ok duration_ms=0
level=info msg=mcp.request protocol=jsonrpc method=tools/call tool=trace_path status=ok duration_ms=0
level=info msg=mcp.request protocol=jsonrpc method=tools/call tool=search_graph status=ok duration_ms=1
level=info msg=mcp.request protocol=jsonrpc method=tools/call tool=trace_path status=ok duration_ms=0
level=info msg=mcp.request protocol=jsonrpc method=tools/call tool=search_graph status=ok duration_ms=0
level=info msg=mcp.request protocol=jsonrpc method=tools/call tool=trace_path status=ok duration_ms=0
level=info msg=mcp.request protocol=jsonrpc method=tools/call tool=search_graph status=ok duration_ms=1
level=info msg=mcp.request protocol=jsonrpc method=tools/call tool=trace_path status=ok duration_ms=1
level=info msg=mcp.request protocol=jsonrpc method=tools/call tool=search_graph status=ok duration_ms=0
level=info msg=mcp.request protocol=jsonrpc method=tools/call tool=trace_path status=ok duration_ms=1
level=info msg=mcp.request protocol=jsonrpc method=tools/call tool=search_graph status=ok duration_ms=1
level=info msg=mcp.request protocol=jsonrpc method=tools/call tool=trace_path status=ok duration_ms=1
level=info msg=mcp.request protocol=jsonrpc method=tools/call tool=search_graph status=ok duration_ms=0
level=info msg=mcp.request protocol=jsonrpc method=tools/call tool=trace_path status=ok duration_ms=0
level=info msg=mcp.request protocol=jsonrpc method=tools/call tool=search_graph status=ok duration_ms=1
level=info msg=mcp.request protocol=jsonrpc method=tools/call tool=trace_path status=ok duration_ms=0
level=info msg=mcp.request protocol=jsonrpc method=tools/call tool=search_graph status=ok duration_ms=1
level=info msg=mcp.request protocol=jsonrpc method=tools/call tool=trace_path status=ok duration_ms=1
level=info msg=mcp.request protocol=jsonrpc method=tools/call tool=search_graph status=ok duration_ms=1
level=info msg=mcp.request protocol=jsonrpc method=tools/call tool=trace_path status=ok duration_ms=0
level=info msg=mcp.request protocol=jsonrpc method=tools/call tool=search_graph status=ok duration_ms=1
level=info msg=mcp.request protocol=jsonrpc method=tools/call tool=trace_path status=ok duration_ms=0
level=info msg=mcp.request protocol=jsonrpc method=tools/call tool=search_graph status=ok duration_ms=1
level=info msg=mcp.request protocol=jsonrpc method=tools/call tool=trace_path status=ok duration_ms=1
level=info msg=mcp.request protocol=jsonrpc method=tools/call tool=search_graph status=ok duration_ms=1
level=info msg=mcp.request protocol=jsonrpc method=tools/call tool=trace_path status=ok duration_ms=1
level=info msg=mcp.request protocol=jsonrpc method=tools/call tool=search_graph status=ok duration_ms=0
level=info msg=mcp.request protocol=jsonrpc method=tools/call tool=trace_path status=ok duration_ms=0
level=info msg=mcp.request protocol=jsonrpc method=tools/call tool=search_graph status=ok duration_ms=0
level=info msg=mcp.request protocol=jsonrpc method=tools/call tool=trace_path status=ok duration_ms=0
level=info msg=mcp.request protocol=jsonrpc method=tools/call tool=search_graph status=ok duration_ms=0
level=info msg=mcp.request protocol=jsonrpc method=tools/call tool=trace_path status=ok duration_ms=0
level=info msg=mcp.request protocol=jsonrpc method=tools/call tool=search_graph status=ok duration_ms=0
level=info msg=mcp.request protocol=jsonrpc method=tools/call tool=trace_path status=ok duration_ms=0
level=info msg=mcp.request protocol=jsonrpc method=tools/call tool=search_graph status=ok duration_ms=0
level=info msg=mcp.request protocol=jsonrpc method=tools/call tool=trace_path status=ok duration_ms=0
level=info msg=mcp.request protocol=jsonrpc method=tools/call tool=search_graph status=ok duration_ms=0
level=info msg=mcp.request protocol=jsonrpc method=tools/call tool=trace_path status=ok duration_ms=0
level=info msg=mcp.request protocol=jsonrpc method=tools/call tool=search_graph status=ok duration_ms=0
level=info msg=mcp.request protocol=jsonrpc method=tools/call tool=trace_path status=ok duration_ms=0
level=info msg=mcp.request protocol=jsonrpc method=tools/call tool=search_graph status=ok duration_ms=0
level=info msg=mcp.request protocol=jsonrpc method=tools/call tool=trace_path status=ok duration_ms=0
level=info msg=mcp.request protocol=jsonrpc method=tools/call tool=search_graph status=ok duration_ms=0
level=info msg=mcp.request protocol=jsonrpc method=tools/call tool=trace_path status=ok duration_ms=0
level=info msg=mcp.request protocol=jsonrpc method=tools/call tool=search_graph status=ok duration_ms=0
level=info msg=mcp.request protocol=jsonrpc method=tools/call tool=trace_path status=ok duration_ms=0
level=info msg=mcp.request protocol=jsonrpc method=tools/call tool=search_graph status=ok duration_ms=0
level=info msg=mcp.request protocol=jsonrpc method=tools/call tool=trace_path status=ok duration_ms=0
level=info msg=mcp.request protocol=jsonrpc method=tools/call tool=search_graph status=ok duration_ms=0
level=info msg=mcp.request protocol=jsonrpc method=tools/call tool=trace_path status=ok duration_ms=0
level=info msg=mcp.request protocol=jsonrpc method=tools/call tool=search_graph status=ok duration_ms=0
level=info msg=mcp.request protocol=jsonrpc method=tools/call tool=trace_path status=ok duration_ms=0
level=info msg=mcp.request protocol=jsonrpc method=tools/call tool=search_graph status=ok duration_ms=0
level=info msg=mcp.request protocol=jsonrpc method=tools/call tool=trace_path status=ok duration_ms=0
level=info msg=mcp.request protocol=jsonrpc method=tools/call tool=search_graph status=ok duration_ms=0
level=info msg=mcp.request protocol=jsonrpc method=tools/call tool=trace_path status=ok duration_ms=0
level=info msg=mcp.request protocol=jsonrpc method=tools/call tool=search_graph status=ok duration_ms=0
level=info msg=mcp.request protocol=jsonrpc method=tools/call tool=trace_path status=ok duration_ms=0
level=info msg=mcp.request protocol=jsonrpc method=tools/call tool=search_graph status=ok duration_ms=0
level=info msg=mcp.request protocol=jsonrpc method=tools/call tool=trace_path status=ok duration_ms=0
level=info msg=mcp.request protocol=jsonrpc method=tools/call tool=search_graph status=ok duration_ms=0
level=info msg=mcp.request protocol=jsonrpc method=tools/call tool=trace_path status=ok duration_ms=0
level=info msg=mcp.request protocol=jsonrpc method=tools/call tool=search_graph status=ok duration_ms=0
level=info msg=mcp.request protocol=jsonrpc method=tools/call tool=trace_path status=ok duration_ms=0
level=info msg=mcp.request protocol=jsonrpc method=tools/call tool=search_graph status=ok duration_ms=0
level=info msg=mcp.request protocol=jsonrpc method=tools/call tool=trace_path status=ok duration_ms=0
level=info msg=mcp.request protocol=jsonrpc method=tools/call tool=search_graph status=ok duration_ms=0
level=info msg=mcp.request protocol=jsonrpc method=tools/call tool=trace_path status=ok duration_ms=0
level=info msg=mcp.request protocol=jsonrpc method=tools/call tool=search_graph status=ok duration_ms=0
level=info msg=mcp.request protocol=jsonrpc method=tools/call tool=trace_path status=ok duration_ms=0
level=info msg=mcp.request protocol=jsonrpc method=tools/call tool=search_graph status=ok duration_ms=0
level=info msg=mcp.request protocol=jsonrpc method=tools/call tool=trace_path status=ok duration_ms=0
level=info msg=mcp.request protocol=jsonrpc method=tools/call tool=search_graph status=ok duration_ms=0
level=info msg=mcp.request protocol=jsonrpc method=tools/call tool=trace_path status=ok duration_ms=0
level=info msg=mcp.request protocol=jsonrpc method=tools/call tool=search_graph status=ok duration_ms=0
level=info msg=mcp.request protocol=jsonrpc method=tools/call tool=trace_path status=ok duration_ms=0
level=info msg=mcp.request protocol=jsonrpc method=tools/call tool=search_graph status=ok duration_ms=0
level=info msg=mcp.request protocol=jsonrpc method=tools/call tool=trace_path status=ok duration_ms=0
level=info msg=mcp.request protocol=jsonrpc method=tools/call tool=search_graph status=ok duration_ms=0
level=info msg=mcp.request protocol=jsonrpc method=tools/call tool=trace_path status=ok duration_ms=0
level=info msg=mcp.request protocol=jsonrpc method=tools/call tool=search_graph status=ok duration_ms=0
level=info msg=mcp.request protocol=jsonrpc method=tools/call tool=trace_path status=ok duration_ms=0
level=info msg=mcp.request protocol=jsonrpc method=tools/call tool=search_graph status=ok duration_ms=0
level=info msg=mcp.request protocol=jsonrpc method=tools/call tool=trace_path status=ok duration_ms=0
level=info msg=mcp.request protocol=jsonrpc method=tools/call tool=search_graph status=ok duration_ms=0
level=info msg=mcp.request protocol=jsonrpc method=tools/call tool=trace_path status=ok duration_ms=0
level=info msg=mcp.request protocol=jsonrpc method=tools/call tool=search_graph status=ok duration_ms=0
level=info msg=mcp.request protocol=jsonrpc method=tools/call tool=trace_path status=ok duration_ms=0
level=info msg=mcp.request protocol=jsonrpc method=tools/call tool=search_graph status=ok duration_ms=0
level=info msg=mcp.request protocol=jsonrpc method=tools/call tool=trace_path status=ok duration_ms=0
level=info msg=mcp.request protocol=jsonrpc method=tools/call tool=search_graph status=ok duration_ms=0
level=info msg=mcp.request protocol=jsonrpc method=tools/call tool=trace_path status=ok duration_ms=0
level=info msg=mcp.request protocol=jsonrpc method=tools/call tool=search_graph status=ok duration_ms=0
level=info msg=mcp.request protocol=jsonrpc method=tools/call tool=trace_path status=ok duration_ms=1
level=info msg=mcp.request protocol=jsonrpc method=tools/call tool=search_graph status=ok duration_ms=0
level=info msg=mcp.request protocol=jsonrpc method=tools/call tool=trace_path status=ok duration_ms=0
level=info msg=mcp.request protocol=jsonrpc method=tools/call tool=search_graph status=ok duration_ms=0
level=info msg=mcp.request protocol=jsonrpc method=tools/call tool=trace_path status=ok duration_ms=0
level=info msg=mcp.request protocol=jsonrpc method=tools/call tool=search_graph status=ok duration_ms=0
level=info msg=mcp.request protocol=jsonrpc method=tools/call tool=trace_path status=ok duration_ms=0
level=info msg=mcp.request protocol=jsonrpc method=tools/call tool=search_graph status=ok duration_ms=0
level=info msg=mcp.request protocol=jsonrpc method=tools/call tool=trace_path status=ok duration_ms=0
level=info msg=mcp.request protocol=jsonrpc method=tools/call tool=search_graph status=ok duration_ms=0
level=info msg=mcp.request protocol=jsonrpc method=tools/call tool=trace_path status=ok duration_ms=0
level=info msg=mcp.request protocol=jsonrpc method=tools/call tool=search_graph status=ok duration_ms=0
level=info msg=mcp.request protocol=jsonrpc method=tools/call tool=trace_path status=ok duration_ms=0
level=info msg=mcp.request protocol=jsonrpc method=tools/call tool=search_graph status=ok duration_ms=1
level=info msg=mcp.request protocol=jsonrpc method=tools/call tool=trace_path status=ok duration_ms=0
level=info msg=mcp.request protocol=jsonrpc method=tools/call tool=search_graph status=ok duration_ms=0
level=info msg=mcp.request protocol=jsonrpc method=tools/call tool=trace_path status=ok duration_ms=0
level=info msg=mcp.request protocol=jsonrpc method=tools/call tool=search_graph status=ok duration_ms=0
level=info msg=mcp.request protocol=jsonrpc method=tools/call tool=trace_path status=ok duration_ms=0
level=info msg=index.supervisor.reap outcome=clean exit_code=0 signal=0
level=info msg=mcp.request protocol=jsonrpc method=tools/call tool=index_repository status=ok duration_ms=1682
level=info msg=mcp.request protocol=jsonrpc method=tools/call tool=search_graph status=ok duration_ms=0
level=info msg=mcp.request protocol=jsonrpc method=tools/call tool=trace_path status=ok duration_ms=0
level=info msg=mcp.request protocol=jsonrpc method=tools/call tool=search_graph status=ok duration_ms=0
level=info msg=mcp.request protocol=jsonrpc method=tools/call tool=trace_path status=ok duration_ms=0
level=info msg=mcp.request protocol=jsonrpc method=tools/call tool=search_graph status=ok duration_ms=1
level=info msg=mcp.request protocol=jsonrpc method=tools/call tool=trace_path status=ok duration_ms=1
level=info msg=mcp.request protocol=jsonrpc method=tools/call tool=search_graph status=ok duration_ms=1
level=info msg=mcp.request protocol=jsonrpc method=tools/call tool=trace_path status=ok duration_ms=1
level=info msg=mcp.request protocol=jsonrpc method=tools/call tool=search_graph status=ok duration_ms=1
level=info msg=mcp.request protocol=jsonrpc method=tools/call tool=trace_path status=ok duration_ms=1
level=info msg=mcp.request protocol=jsonrpc method=tools/call tool=search_graph status=ok duration_ms=0
level=info msg=mcp.request protocol=jsonrpc method=tools/call tool=trace_path status=ok duration_ms=1
level=info msg=mcp.request protocol=jsonrpc method=tools/call tool=search_graph status=ok duration_ms=0
level=info msg=mcp.request protocol=jsonrpc method=tools/call tool=trace_path status=ok duration_ms=0
level=info msg=mcp.request protocol=jsonrpc method=tools/call tool=search_graph status=ok duration_ms=1
level=info msg=mcp.request protocol=jsonrpc method=tools/call tool=trace_path status=ok duration_ms=1
level=info msg=mcp.request protocol=jsonrpc method=tools/call tool=search_graph status=ok duration_ms=1
level=info msg=mcp.request protocol=jsonrpc method=tools/call tool=trace_path status=ok duration_ms=1
level=info msg=mcp.request protocol=jsonrpc method=tools/call tool=search_graph status=ok duration_ms=1
level=info msg=mcp.request protocol=jsonrpc method=tools/call tool=trace_path status=ok duration_ms=1
level=info msg=mcp.request protocol=jsonrpc method=tools/call tool=search_graph status=ok duration_ms=1
level=info msg=mcp.request protocol=jsonrpc method=tools/call tool=trace_path status=ok duration_ms=1
level=info msg=mcp.request protocol=jsonrpc method=tools/call tool=search_graph status=ok duration_ms=1
level=info msg=mcp.request protocol=jsonrpc method=tools/call tool=trace_path status=ok duration_ms=1
level=info msg=mcp.request protocol=jsonrpc method=tools/call tool=search_graph status=ok duration_ms=1
level=info msg=mcp.request protocol=jsonrpc method=tools/call tool=trace_path status=ok duration_ms=1
level=info msg=mcp.request protocol=jsonrpc method=tools/call tool=search_graph status=ok duration_ms=1
level=info msg=mcp.request protocol=jsonrpc method=tools/call tool=trace_path status=ok duration_ms=1
level=info msg=mcp.request protocol=jsonrpc method=tools/call tool=search_graph status=ok duration_ms=1
level=info msg=mcp.request protocol=jsonrpc method=tools/call tool=trace_path status=ok duration_ms=1
level=info msg=mcp.request protocol=jsonrpc method=tools/call tool=search_graph status=ok duration_ms=1
level=info msg=mcp.request protocol=jsonrpc method=tools/call tool=trace_path status=ok duration_ms=1
level=info msg=mcp.request protocol=jsonrpc method=tools/call tool=search_graph status=ok duration_ms=1
level=info msg=mcp.request protocol=jsonrpc method=tools/call tool=trace_path status=ok duration_ms=1
level=info msg=mcp.request protocol=jsonrpc method=tools/call tool=search_graph status=ok duration_ms=1
level=info msg=mcp.request protocol=jsonrpc method=tools/call tool=trace_path status=ok duration_ms=1
level=info msg=mcp.request protocol=jsonrpc method=tools/call tool=search_graph status=ok duration_ms=1
level=info msg=mcp.request protocol=jsonrpc method=tools/call tool=trace_path status=ok duration_ms=0
level=info msg=mcp.request protocol=jsonrpc method=tools/call tool=search_graph status=ok duration_ms=1
level=info msg=mcp.request protocol=jsonrpc method=tools/call tool=trace_path status=ok duration_ms=0
level=info msg=mcp.request protocol=jsonrpc method=tools/call tool=search_graph status=ok duration_ms=1
level=info msg=mcp.request protocol=jsonrpc method=tools/call tool=trace_path status=ok duration_ms=1
level=info msg=mcp.request protocol=jsonrpc method=tools/call tool=search_graph status=ok duration_ms=1
level=info msg=mcp.request protocol=jsonrpc method=tools/call tool=trace_path status=ok duration_ms=1
level=info msg=mcp.request protocol=jsonrpc method=tools/call tool=search_graph status=ok duration_ms=1
level=info msg=mcp.request protocol=jsonrpc method=tools/call tool=trace_path status=ok duration_ms=1
level=info msg=mcp.request protocol=jsonrpc method=tools/call tool=search_graph status=ok duration_ms=1
level=info msg=mcp.request protocol=jsonrpc method=tools/call tool=trace_path status=ok duration_ms=1
level=info msg=mcp.request protocol=jsonrpc method=tools/call tool=search_graph status=ok duration_ms=1
level=info msg=mcp.request protocol=jsonrpc method=tools/call tool=trace_path status=ok duration_ms=1
level=info msg=mcp.request protocol=jsonrpc method=tools/call tool=search_graph status=ok duration_ms=0
level=info msg=mcp.request protocol=jsonrpc method=tools/call tool=trace_path status=ok duration_ms=0
level=info msg=mcp.request protocol=jsonrpc method=tools/call tool=search_graph status=ok duration_ms=1
level=info msg=mcp.request protocol=jsonrpc method=tools/call tool=trace_path status=ok duration_ms=0
level=info msg=mcp.request protocol=jsonrpc method=tools/call tool=search_graph status=ok duration_ms=1
level=info msg=mcp.request protocol=jsonrpc method=tools/call tool=trace_path status=ok duration_ms=1
level=info msg=mcp.request protocol=jsonrpc method=tools/call tool=search_graph status=ok duration_ms=0
level=info msg=mcp.request protocol=jsonrpc method=tools/call tool=trace_path status=ok duration_ms=0
level=info msg=mcp.request protocol=jsonrpc method=tools/call tool=search_graph status=ok duration_ms=0
level=info msg=mcp.request protocol=jsonrpc method=tools/call tool=trace_path status=ok duration_ms=0
level=info msg=mcp.request protocol=jsonrpc method=tools/call tool=search_graph status=ok duration_ms=0
level=info msg=mcp.request protocol=jsonrpc method=tools/call tool=trace_path status=ok duration_ms=0
level=info msg=mcp.request protocol=jsonrpc method=tools/call tool=search_graph status=ok duration_ms=0
level=info msg=mcp.request protocol=jsonrpc method=tools/call tool=trace_path status=ok duration_ms=0
level=info msg=mcp.request protocol=jsonrpc method=tools/call tool=search_graph status=ok duration_ms=0
level=info msg=mcp.request protocol=jsonrpc method=tools/call tool=trace_path status=ok duration_ms=0
level=info msg=mcp.request protocol=jsonrpc method=tools/call tool=search_graph status=ok duration_ms=1
level=info msg=mcp.request protocol=jsonrpc method=tools/call tool=trace_path status=ok duration_ms=1
level=info msg=mcp.request protocol=jsonrpc method=tools/call tool=search_graph status=ok duration_ms=1
level=info msg=mcp.request protocol=jsonrpc method=tools/call tool=trace_path status=ok duration_ms=1
level=info msg=mcp.request protocol=jsonrpc method=tools/call tool=search_graph status=ok duration_ms=0
level=info msg=mcp.request protocol=jsonrpc method=tools/call tool=trace_path status=ok duration_ms=0
level=info msg=mcp.request protocol=jsonrpc method=tools/call tool=search_graph status=ok duration_ms=1
level=info msg=mcp.request protocol=jsonrpc method=tools/call tool=trace_path status=ok duration_ms=1
level=info msg=mcp.request protocol=jsonrpc method=tools/call tool=search_graph status=ok duration_ms=1
level=info msg=mcp.request protocol=jsonrpc method=tools/call tool=trace_path status=ok duration_ms=1
level=info msg=mcp.request protocol=jsonrpc method=tools/call tool=search_graph status=ok duration_ms=0
level=info msg=mcp.request protocol=jsonrpc method=tools/call tool=trace_path status=ok duration_ms=0
level=info msg=mcp.request protocol=jsonrpc method=tools/call tool=search_graph status=ok duration_ms=0
level=info msg=mcp.request protocol=jsonrpc method=tools/call tool=trace_path status=ok duration_ms=0
level=info msg=mcp.request protocol=jsonrpc method=tools/call tool=search_graph status=ok duration_ms=0
level=info msg=mcp.request protocol=jsonrpc method=tools/call tool=trace_path status=ok duration_ms=1
level=info msg=mcp.request protocol=jsonrpc method=tools/call tool=search_graph status=ok duration_ms=0
level=info msg=mcp.request protocol=jsonrpc method=tools/call tool=trace_path status=ok duration_ms=0
level=info msg=mcp.request protocol=jsonrpc method=tools/call tool=search_graph status=ok duration_ms=0
level=info msg=mcp.request protocol=jsonrpc method=tools/call tool=trace_path status=ok duration_ms=0
level=info msg=mcp.request protocol=jsonrpc method=tools/call tool=search_graph status=ok duration_ms=0
level=info msg=mcp.request protocol=jsonrpc method=tools/call tool=trace_path status=ok duration_ms=0
level=info msg=mcp.request protocol=jsonrpc method=tools/call tool=search_graph status=ok duration_ms=0
level=info msg=mcp.request protocol=jsonrpc method=tools/call tool=trace_path status=ok duration_ms=0
level=info msg=mcp.request protocol=jsonrpc method=tools/call tool=search_graph status=ok duration_ms=0
level=info msg=mcp.request protocol=jsonrpc method=tools/call tool=trace_path status=ok duration_ms=0
level=info msg=mcp.request protocol=jsonrpc method=tools/call tool=search_graph status=ok duration_ms=0
level=info msg=mcp.request protocol=jsonrpc method=tools/call tool=trace_path status=ok duration_ms=0
level=info msg=mcp.request protocol=jsonrpc method=tools/call tool=search_graph status=ok duration_ms=0
level=info msg=mcp.request protocol=jsonrpc method=tools/call tool=trace_path status=ok duration_ms=1
level=info msg=mcp.request protocol=jsonrpc method=tools/call tool=search_graph status=ok duration_ms=0
level=info msg=mcp.request protocol=jsonrpc method=tools/call tool=trace_path status=ok duration_ms=0
level=info msg=mcp.request protocol=jsonrpc method=tools/call tool=search_graph status=ok duration_ms=0
level=info msg=mcp.request protocol=jsonrpc method=tools/call tool=trace_path status=ok duration_ms=0
level=info msg=mcp.request protocol=jsonrpc method=tools/call tool=search_graph status=ok duration_ms=0
level=info msg=mcp.request protocol=jsonrpc method=tools/call tool=trace_path status=ok duration_ms=1
level=info msg=mcp.request protocol=jsonrpc method=tools/call tool=search_graph status=ok duration_ms=0
level=info msg=mcp.request protocol=jsonrpc method=tools/call tool=trace_path status=ok duration_ms=0
level=info msg=mcp.request protocol=jsonrpc method=tools/call tool=search_graph status=ok duration_ms=0
level=info msg=mcp.request protocol=jsonrpc method=tools/call tool=trace_path status=ok duration_ms=1
level=info msg=mcp.request protocol=jsonrpc method=tools/call tool=search_graph status=ok duration_ms=1
level=info msg=mcp.request protocol=jsonrpc method=tools/call tool=trace_path status=ok duration_ms=1
level=info msg=mcp.request protocol=jsonrpc method=tools/call tool=search_graph status=ok duration_ms=0
level=info msg=mcp.request protocol=jsonrpc method=tools/call tool=trace_path status=ok duration_ms=0
level=info msg=mcp.request protocol=jsonrpc method=tools/call tool=search_graph status=ok duration_ms=0
level=info msg=mcp.request protocol=jsonrpc method=tools/call tool=trace_path status=ok duration_ms=0
level=info msg=mcp.request protocol=jsonrpc method=tools/call tool=search_graph status=ok duration_ms=0
level=info msg=mcp.request protocol=jsonrpc method=tools/call tool=trace_path status=ok duration_ms=1
level=info msg=mcp.request protocol=jsonrpc method=tools/call tool=search_graph status=ok duration_ms=0
level=info msg=mcp.request protocol=jsonrpc method=tools/call tool=trace_path status=ok duration_ms=0
level=info msg=index.supervisor.reap outcome=clean exit_code=0 signal=0
level=info msg=mcp.request protocol=jsonrpc method=tools/call tool=index_repository status=ok duration_ms=1679
level=info msg=mcp.request protocol=jsonrpc method=tools/call tool=search_graph status=ok duration_ms=0
level=info msg=mcp.request protocol=jsonrpc method=tools/call tool=trace_path status=ok duration_ms=0
level=info msg=mcp.request protocol=jsonrpc method=tools/call tool=search_graph status=ok duration_ms=0
level=info msg=mcp.request protocol=jsonrpc method=tools/call tool=trace_path status=ok duration_ms=1
level=info msg=mcp.request protocol=jsonrpc method=tools/call tool=search_graph status=ok duration_ms=0
level=info msg=mcp.request protocol=jsonrpc method=tools/call tool=trace_path status=ok duration_ms=0
level=info msg=mcp.request protocol=jsonrpc method=tools/call tool=search_graph status=ok duration_ms=0
level=info msg=mcp.request protocol=jsonrpc method=tools/call tool=trace_path status=ok duration_ms=0
level=info msg=mcp.request protocol=jsonrpc method=tools/call tool=search_graph status=ok duration_ms=0
level=info msg=mcp.request protocol=jsonrpc method=tools/call tool=trace_path status=ok duration_ms=0
level=info msg=mcp.request protocol=jsonrpc method=tools/call tool=search_graph status=ok duration_ms=0
level=info msg=mcp.request protocol=jsonrpc method=tools/call tool=trace_path status=ok duration_ms=0
level=info msg=mcp.request protocol=jsonrpc method=tools/call tool=search_graph status=ok duration_ms=0
level=info msg=mcp.request protocol=jsonrpc method=tools/call tool=trace_path status=ok duration_ms=0
level=info msg=mcp.request protocol=jsonrpc method=tools/call tool=search_graph status=ok duration_ms=0
level=info msg=mcp.request protocol=jsonrpc method=tools/call tool=trace_path status=ok duration_ms=0
level=info msg=mcp.request protocol=jsonrpc method=tools/call tool=search_graph status=ok duration_ms=0
level=info msg=mcp.request protocol=jsonrpc method=tools/call tool=trace_path status=ok duration_ms=1
level=info msg=mcp.request protocol=jsonrpc method=tools/call tool=search_graph status=ok duration_ms=0
level=info msg=mcp.request protocol=jsonrpc method=tools/call tool=trace_path status=ok duration_ms=0
level=info msg=mcp.request protocol=jsonrpc method=tools/call tool=search_graph status=ok duration_ms=0
level=info msg=mcp.request protocol=jsonrpc method=tools/call tool=trace_path status=ok duration_ms=1
level=info msg=mcp.request protocol=jsonrpc method=tools/call tool=search_graph status=ok duration_ms=0
level=info msg=mcp.request protocol=jsonrpc method=tools/call tool=trace_path status=ok duration_ms=0
level=info msg=mcp.request protocol=jsonrpc method=tools/call tool=search_graph status=ok duration_ms=1
level=info msg=mcp.request protocol=jsonrpc method=tools/call tool=trace_path status=ok duration_ms=1
level=info msg=mcp.request protocol=jsonrpc method=tools/call tool=search_graph status=ok duration_ms=0
level=info msg=mcp.request protocol=jsonrpc method=tools/call tool=trace_path status=ok duration_ms=0
level=info msg=mcp.request protocol=jsonrpc method=tools/call tool=search_graph status=ok duration_ms=1
level=info msg=mcp.request protocol=jsonrpc method=tools/call tool=trace_path status=ok duration_ms=1
level=info msg=mcp.request protocol=jsonrpc method=tools/call tool=search_graph status=ok duration_ms=1
level=info msg=mcp.request protocol=jsonrpc method=tools/call tool=trace_path status=ok duration_ms=1
level=info msg=mcp.request protocol=jsonrpc method=tools/call tool=search_graph status=ok duration_ms=1
level=info msg=mcp.request protocol=jsonrpc method=tools/call tool=trace_path status=ok duration_ms=0
level=info msg=mcp.request protocol=jsonrpc method=tools/call tool=search_graph status=ok duration_ms=1
level=info msg=mcp.request protocol=jsonrpc method=tools/call tool=trace_path status=ok duration_ms=0
level=info msg=mcp.request protocol=jsonrpc method=tools/call tool=search_graph status=ok duration_ms=1
level=info msg=mcp.request protocol=jsonrpc method=tools/call tool=trace_path status=ok duration_ms=1
level=info msg=mcp.request protocol=jsonrpc method=tools/call tool=search_graph status=ok duration_ms=1
level=info msg=mcp.request protocol=jsonrpc method=tools/call tool=trace_path status=ok duration_ms=0
level=info msg=mcp.request protocol=jsonrpc method=tools/call tool=search_graph status=ok duration_ms=1
level=info msg=mcp.request protocol=jsonrpc method=tools/call tool=trace_path status=ok duration_ms=1
level=info msg=mcp.request protocol=jsonrpc method=tools/call tool=search_graph status=ok duration_ms=1
level=info msg=mcp.request protocol=jsonrpc method=tools/call tool=trace_path status=ok duration_ms=0
level=info msg=mcp.request protocol=jsonrpc method=tools/call tool=search_graph status=ok duration_ms=1
level=info msg=mcp.request protocol=jsonrpc method=tools/call tool=trace_path status=ok duration_ms=0
level=info msg=mcp.request protocol=jsonrpc method=tools/call tool=search_graph status=ok duration_ms=1
level=info msg=mcp.request protocol=jsonrpc method=tools/call tool=trace_path status=ok duration_ms=1
level=info msg=mcp.request protocol=jsonrpc method=tools/call tool=search_graph status=ok duration_ms=1
level=info msg=mcp.request protocol=jsonrpc method=tools/call tool=trace_path status=ok duration_ms=1
level=info msg=mcp.request protocol=jsonrpc method=tools/call tool=search_graph status=ok duration_ms=1
level=info msg=mcp.request protocol=jsonrpc method=tools/call tool=trace_path status=ok duration_ms=1
level=info msg=mcp.request protocol=jsonrpc method=tools/call tool=search_graph status=ok duration_ms=1
level=info msg=mcp.request protocol=jsonrpc method=tools/call tool=trace_path status=ok duration_ms=1
level=info msg=mcp.request protocol=jsonrpc method=tools/call tool=search_graph status=ok duration_ms=1
level=info msg=mcp.request protocol=jsonrpc method=tools/call tool=trace_path status=ok duration_ms=0
level=info msg=mcp.request protocol=jsonrpc method=tools/call tool=search_graph status=ok duration_ms=1
level=info msg=mcp.request protocol=jsonrpc method=tools/call tool=trace_path status=ok duration_ms=1
level=info msg=mcp.request protocol=jsonrpc method=tools/call tool=search_graph status=ok duration_ms=1
level=info msg=mcp.request protocol=jsonrpc method=tools/call tool=trace_path status=ok duration_ms=1
level=info msg=mcp.request protocol=jsonrpc method=tools/call tool=search_graph status=ok duration_ms=1
level=info msg=mcp.request protocol=jsonrpc method=tools/call tool=trace_path status=ok duration_ms=1
level=info msg=mcp.request protocol=jsonrpc method=tools/call tool=search_graph status=ok duration_ms=1
level=info msg=mcp.request protocol=jsonrpc method=tools/call tool=trace_path status=ok duration_ms=0
level=info msg=mcp.request protocol=jsonrpc method=tools/call tool=search_graph status=ok duration_ms=0
level=info msg=mcp.request protocol=jsonrpc method=tools/call tool=trace_path status=ok duration_ms=0
level=info msg=mcp.request protocol=jsonrpc method=tools/call tool=search_graph status=ok duration_ms=1
level=info msg=mcp.request protocol=jsonrpc method=tools/call tool=trace_path status=ok duration_ms=0
level=info msg=mcp.request protocol=jsonrpc method=tools/call tool=search_graph status=ok duration_ms=0
level=info msg=mcp.request protocol=jsonrpc method=tools/call tool=trace_path status=ok duration_ms=0
level=info msg=mcp.request protocol=jsonrpc method=tools/call tool=search_graph status=ok duration_ms=0
level=info msg=mcp.request protocol=jsonrpc method=tools/call tool=trace_path status=ok duration_ms=0
level=info msg=mcp.request protocol=jsonrpc method=tools/call tool=search_graph status=ok duration_ms=0
level=info msg=mcp.request protocol=jsonrpc method=tools/call tool=trace_path status=ok duration_ms=0
level=info msg=mcp.request protocol=jsonrpc method=tools/call tool=search_graph status=ok duration_ms=0
level=info msg=mcp.request protocol=jsonrpc method=tools/call tool=trace_path status=ok duration_ms=1
level=info msg=mcp.request protocol=jsonrpc method=tools/call tool=search_graph status=ok duration_ms=0
level=info msg=mcp.request protocol=jsonrpc method=tools/call tool=trace_path status=ok duration_ms=0
level=info msg=mcp.request protocol=jsonrpc method=tools/call tool=search_graph status=ok duration_ms=0
level=info msg=mcp.request protocol=jsonrpc method=tools/call tool=trace_path status=ok duration_ms=0
level=info msg=mcp.request protocol=jsonrpc method=tools/call tool=search_graph status=ok duration_ms=0
level=info msg=mcp.request protocol=jsonrpc method=tools/call tool=trace_path status=ok duration_ms=0
level=info msg=mcp.request protocol=jsonrpc method=tools/call tool=search_graph status=ok duration_ms=0
level=info msg=mcp.request protocol=jsonrpc method=tools/call tool=trace_path status=ok duration_ms=0
level=info msg=mcp.request protocol=jsonrpc method=tools/call tool=search_graph status=ok duration_ms=0
level=info msg=mcp.request protocol=jsonrpc method=tools/call tool=trace_path status=ok duration_ms=1
level=info msg=mcp.request protocol=jsonrpc method=tools/call tool=search_graph status=ok duration_ms=0
level=info msg=mcp.request protocol=jsonrpc method=tools/call tool=trace_path status=ok duration_ms=1
level=info msg=mcp.request protocol=jsonrpc method=tools/call tool=search_graph status=ok duration_ms=1
level=info msg=mcp.request protocol=jsonrpc method=tools/call tool=trace_path status=ok duration_ms=0
level=info msg=mcp.request protocol=jsonrpc method=tools/call tool=search_graph status=ok duration_ms=1
level=info msg=mcp.request protocol=jsonrpc method=tools/call tool=trace_path status=ok duration_ms=1
level=info msg=mcp.request protocol=jsonrpc method=tools/call tool=search_graph status=ok duration_ms=1
level=info msg=mcp.request protocol=jsonrpc method=tools/call tool=trace_path status=ok duration_ms=1
level=info msg=mcp.request protocol=jsonrpc method=tools/call tool=search_graph status=ok duration_ms=0
level=info msg=mcp.request protocol=jsonrpc method=tools/call tool=trace_path status=ok duration_ms=0
level=info msg=mcp.request protocol=jsonrpc method=tools/call tool=search_graph status=ok duration_ms=0
level=info msg=mcp.request protocol=jsonrpc method=tools/call tool=trace_path status=ok duration_ms=0
level=info msg=mcp.request protocol=jsonrpc method=tools/call tool=search_graph status=ok duration_ms=0
level=info msg=mcp.request protocol=jsonrpc method=tools/call tool=trace_path status=ok duration_ms=1
level=info msg=mcp.request protocol=jsonrpc method=tools/call tool=search_graph status=ok duration_ms=1
level=info msg=mcp.request protocol=jsonrpc method=tools/call tool=trace_path status=ok duration_ms=1
level=info msg=mcp.request protocol=jsonrpc method=tools/call tool=search_graph status=ok duration_ms=0
level=info msg=mcp.request protocol=jsonrpc method=tools/call tool=trace_path status=ok duration_ms=0
level=info msg=mcp.request protocol=jsonrpc method=tools/call tool=search_graph status=ok duration_ms=1
level=info msg=mcp.request protocol=jsonrpc method=tools/call tool=trace_path status=ok duration_ms=1
level=info msg=mcp.request protocol=jsonrpc method=tools/call tool=search_graph status=ok duration_ms=1
level=info msg=mcp.request protocol=jsonrpc method=tools/call tool=trace_path status=ok duration_ms=0
level=info msg=mcp.request protocol=jsonrpc method=tools/call tool=search_graph status=ok duration_ms=0
level=info msg=mcp.request protocol=jsonrpc method=tools/call tool=trace_path status=ok duration_ms=1
level=info msg=mcp.request protocol=jsonrpc method=tools/call tool=search_graph status=ok duration_ms=1
level=info msg=mcp.request protocol=jsonrpc method=tools/call tool=trace_path status=ok duration_ms=1
level=info msg=mcp.request protocol=jsonrpc method=tools/call tool=search_graph status=ok duration_ms=1
level=info msg=mcp.request protocol=jsonrpc method=tools/call tool=trace_path status=ok duration_ms=1
level=info msg=index.supervisor.reap outcome=clean exit_code=0 signal=0
level=info msg=mcp.request protocol=jsonrpc method=tools/call tool=index_repository status=ok duration_ms=1600
level=info msg=mcp.request protocol=jsonrpc method=tools/call tool=search_graph status=ok duration_ms=1
level=info msg=mcp.request protocol=jsonrpc method=tools/call tool=trace_path status=ok duration_ms=0
level=info msg=mcp.request protocol=jsonrpc method=tools/call tool=search_graph status=ok duration_ms=0
level=info msg=mcp.request protocol=jsonrpc method=tools/call tool=trace_path status=ok duration_ms=0
level=info msg=mcp.request protocol=jsonrpc method=tools/call tool=search_graph status=ok duration_ms=1
level=info msg=mcp.request protocol=jsonrpc method=tools/call tool=trace_path status=ok duration_ms=1
level=info msg=mcp.request protocol=jsonrpc method=tools/call tool=search_graph status=ok duration_ms=1
level=info msg=mcp.request protocol=jsonrpc method=tools/call tool=trace_path status=ok duration_ms=1
level=info msg=mcp.request protocol=jsonrpc method=tools/call tool=search_graph status=ok duration_ms=1
level=info msg=mcp.request protocol=jsonrpc method=tools/call tool=trace_path status=ok duration_ms=0
level=info msg=mcp.request protocol=jsonrpc method=tools/call tool=search_graph status=ok duration_ms=1
level=info msg=mcp.request protocol=jsonrpc method=tools/call tool=trace_path status=ok duration_ms=0
level=info msg=mcp.request protocol=jsonrpc method=tools/call tool=search_graph status=ok duration_ms=1
level=info msg=mcp.request protocol=jsonrpc method=tools/call tool=trace_path status=ok duration_ms=1
level=info msg=mcp.request protocol=jsonrpc method=tools/call tool=search_graph status=ok duration_ms=0
level=info msg=mcp.request protocol=jsonrpc method=tools/call tool=trace_path status=ok duration_ms=1
level=info msg=mcp.request protocol=jsonrpc method=tools/call tool=search_graph status=ok duration_ms=0
level=info msg=mcp.request protocol=jsonrpc method=tools/call tool=trace_path status=ok duration_ms=1
level=info msg=mcp.request protocol=jsonrpc method=tools/call tool=search_graph status=ok duration_ms=1
level=info msg=mcp.request protocol=jsonrpc method=tools/call tool=trace_path status=ok duration_ms=1
level=info msg=mcp.request protocol=jsonrpc method=tools/call tool=search_graph status=ok duration_ms=0
level=info msg=mcp.request protocol=jsonrpc method=tools/call tool=trace_path status=ok duration_ms=0
level=info msg=mcp.request protocol=jsonrpc method=tools/call tool=search_graph status=ok duration_ms=1
level=info msg=mcp.request protocol=jsonrpc method=tools/call tool=trace_path status=ok duration_ms=1
level=info msg=mcp.request protocol=jsonrpc method=tools/call tool=search_graph status=ok duration_ms=1
level=info msg=mcp.request protocol=jsonrpc method=tools/call tool=trace_path status=ok duration_ms=1
level=info msg=mcp.request protocol=jsonrpc method=tools/call tool=search_graph status=ok duration_ms=0
level=info msg=mcp.request protocol=jsonrpc method=tools/call tool=trace_path status=ok duration_ms=0
level=info msg=mcp.request protocol=jsonrpc method=tools/call tool=search_graph status=ok duration_ms=1
level=info msg=mcp.request protocol=jsonrpc method=tools/call tool=trace_path status=ok duration_ms=1
level=info msg=mcp.request protocol=jsonrpc method=tools/call tool=search_graph status=ok duration_ms=1
level=info msg=mcp.request protocol=jsonrpc method=tools/call tool=trace_path status=ok duration_ms=1
level=info msg=mcp.request protocol=jsonrpc method=tools/call tool=search_graph status=ok duration_ms=0
level=info msg=mcp.request protocol=jsonrpc method=tools/call tool=trace_path status=ok duration_ms=0
level=info msg=mcp.request protocol=jsonrpc method=tools/call tool=search_graph status=ok duration_ms=1
level=info msg=mcp.request protocol=jsonrpc method=tools/call tool=trace_path status=ok duration_ms=0
level=info msg=mcp.request protocol=jsonrpc method=tools/call tool=search_graph status=ok duration_ms=1
level=info msg=mcp.request protocol=jsonrpc method=tools/call tool=trace_path status=ok duration_ms=0
level=info msg=mcp.request protocol=jsonrpc method=tools/call tool=search_graph status=ok duration_ms=0
level=info msg=mcp.request protocol=jsonrpc method=tools/call tool=trace_path status=ok duration_ms=0
level=info msg=mcp.request protocol=jsonrpc method=tools/call tool=search_graph status=ok duration_ms=1
level=info msg=mcp.request protocol=jsonrpc method=tools/call tool=trace_path status=ok duration_ms=1
level=info msg=mcp.request protocol=jsonrpc method=tools/call tool=search_graph status=ok duration_ms=1
level=info msg=mcp.request protocol=jsonrpc method=tools/call tool=trace_path status=ok duration_ms=1
level=info msg=mcp.request protocol=jsonrpc method=tools/call tool=search_graph status=ok duration_ms=0
level=info msg=mcp.request protocol=jsonrpc method=tools/call tool=trace_path status=ok duration_ms=1
level=info msg=mcp.request protocol=jsonrpc method=tools/call tool=search_graph status=ok duration_ms=0
level=info msg=mcp.request protocol=jsonrpc method=tools/call tool=trace_path status=ok duration_ms=0
level=info msg=mcp.request protocol=jsonrpc method=tools/call tool=search_graph status=ok duration_ms=0
level=info msg=mcp.request protocol=jsonrpc method=tools/call tool=trace_path status=ok duration_ms=0
level=info msg=mcp.request protocol=jsonrpc method=tools/call tool=search_graph status=ok duration_ms=0
level=info msg=mcp.request protocol=jsonrpc method=tools/call tool=trace_path status=ok duration_ms=1
level=info msg=mcp.request protocol=jsonrpc method=tools/call tool=search_graph status=ok duration_ms=0
level=info msg=mcp.request protocol=jsonrpc method=tools/call tool=trace_path status=ok duration_ms=0
level=info msg=mcp.request protocol=jsonrpc method=tools/call tool=search_graph status=ok duration_ms=0
level=info msg=mcp.request protocol=jsonrpc method=tools/call tool=trace_path status=ok duration_ms=0
level=info msg=mcp.request protocol=jsonrpc method=tools/call tool=search_graph status=ok duration_ms=0
level=info msg=mcp.request protocol=jsonrpc method=tools/call tool=trace_path status=ok duration_ms=0
level=info msg=mcp.request protocol=jsonrpc method=tools/call tool=search_graph status=ok duration_ms=0
level=info msg=mcp.request protocol=jsonrpc method=tools/call tool=trace_path status=ok duration_ms=0
level=info msg=mcp.request protocol=jsonrpc method=tools/call tool=search_graph status=ok duration_ms=0
level=info msg=mcp.request protocol=jsonrpc method=tools/call tool=trace_path status=ok duration_ms=1
level=info msg=mcp.request protocol=jsonrpc method=tools/call tool=search_graph status=ok duration_ms=0
level=info msg=mcp.request protocol=jsonrpc method=tools/call tool=trace_path status=ok duration_ms=1
level=info msg=mcp.request protocol=jsonrpc method=tools/call tool=search_graph status=ok duration_ms=0
level=info msg=mcp.request protocol=jsonrpc method=tools/call tool=trace_path status=ok duration_ms=0
level=info msg=mcp.request protocol=jsonrpc method=tools/call tool=search_graph status=ok duration_ms=0
level=info msg=mcp.request protocol=jsonrpc method=tools/call tool=trace_path status=ok duration_ms=0
level=info msg=mcp.request protocol=jsonrpc method=tools/call tool=search_graph status=ok duration_ms=0
level=info msg=mcp.request protocol=jsonrpc method=tools/call tool=trace_path status=ok duration_ms=0
level=info msg=mcp.request protocol=jsonrpc method=tools/call tool=search_graph status=ok duration_ms=0
level=info msg=mcp.request protocol=jsonrpc method=tools/call tool=trace_path status=ok duration_ms=0
level=info msg=mcp.request protocol=jsonrpc method=tools/call tool=search_graph status=ok duration_ms=0
level=info msg=mcp.request protocol=jsonrpc method=tools/call tool=trace_path status=ok duration_ms=1
level=info msg=mcp.request protocol=jsonrpc method=tools/call tool=search_graph status=ok duration_ms=0
level=info msg=mcp.request protocol=jsonrpc method=tools/call tool=trace_path status=ok duration_ms=0
level=info msg=mcp.request protocol=jsonrpc method=tools/call tool=search_graph status=ok duration_ms=0
level=info msg=mcp.request protocol=jsonrpc method=tools/call tool=trace_path status=ok duration_ms=0
level=info msg=mcp.request protocol=jsonrpc method=tools/call tool=search_graph status=ok duration_ms=0
level=info msg=mcp.request protocol=jsonrpc method=tools/call tool=trace_path status=ok duration_ms=0
level=info msg=mcp.request protocol=jsonrpc method=tools/call tool=search_graph status=ok duration_ms=0
level=info msg=mcp.request protocol=jsonrpc method=tools/call tool=trace_path status=ok duration_ms=1
level=info msg=mcp.request protocol=jsonrpc method=tools/call tool=search_graph status=ok duration_ms=0
level=info msg=mcp.request protocol=jsonrpc method=tools/call tool=trace_path status=ok duration_ms=0
level=info msg=mcp.request protocol=jsonrpc method=tools/call tool=search_graph status=ok duration_ms=0
level=info msg=mcp.request protocol=jsonrpc method=tools/call tool=trace_path status=ok duration_ms=0
level=info msg=mcp.request protocol=jsonrpc method=tools/call tool=search_graph status=ok duration_ms=0
level=info msg=mcp.request protocol=jsonrpc method=tools/call tool=trace_path status=ok duration_ms=0
level=info msg=mcp.request protocol=jsonrpc method=tools/call tool=search_graph status=ok duration_ms=0
level=info msg=mcp.request protocol=jsonrpc method=tools/call tool=trace_path status=ok duration_ms=0
level=info msg=mcp.request protocol=jsonrpc method=tools/call tool=search_graph status=ok duration_ms=0
level=info msg=mcp.request protocol=jsonrpc method=tools/call tool=trace_path status=ok duration_ms=0
level=info msg=mcp.request protocol=jsonrpc method=tools/call tool=search_graph status=ok duration_ms=0
level=info msg=mcp.request protocol=jsonrpc method=tools/call tool=trace_path status=ok duration_ms=0
level=info msg=mcp.request protocol=jsonrpc method=tools/call tool=search_graph status=ok duration_ms=0
level=info msg=mcp.request protocol=jsonrpc method=tools/call tool=trace_path status=ok duration_ms=0
level=info msg=mcp.request protocol=jsonrpc method=tools/call tool=search_graph status=ok duration_ms=0
level=info msg=mcp.request protocol=jsonrpc method=tools/call tool=trace_path status=ok duration_ms=1
level=info msg=mcp.request protocol=jsonrpc method=tools/call tool=search_graph status=ok duration_ms=0
level=info msg=mcp.request protocol=jsonrpc method=tools/call tool=trace_path status=ok duration_ms=1
level=info msg=mcp.request protocol=jsonrpc method=tools/call tool=search_graph status=ok duration_ms=0
level=info msg=mcp.request protocol=jsonrpc method=tools/call tool=trace_path status=ok duration_ms=0
level=info msg=mcp.request protocol=jsonrpc method=tools/call tool=search_graph status=ok duration_ms=0
level=info msg=mcp.request protocol=jsonrpc method=tools/call tool=trace_path status=ok duration_ms=1
level=info msg=mcp.request protocol=jsonrpc method=tools/call tool=search_graph status=ok duration_ms=0
level=info msg=mcp.request protocol=jsonrpc method=tools/call tool=trace_path status=ok duration_ms=0
level=info msg=mcp.request protocol=jsonrpc method=tools/call tool=search_graph status=ok duration_ms=0
level=info msg=mcp.request protocol=jsonrpc method=tools/call tool=trace_path status=ok duration_ms=0
level=info msg=mcp.request protocol=jsonrpc method=tools/call tool=search_graph status=ok duration_ms=0
level=info msg=mcp.request protocol=jsonrpc method=tools/call tool=trace_path status=ok duration_ms=1
level=info msg=mcp.request protocol=jsonrpc method=tools/call tool=search_graph status=ok duration_ms=0
level=info msg=mcp.request protocol=jsonrpc method=tools/call tool=trace_path status=ok duration_ms=0
level=info msg=mcp.request protocol=jsonrpc method=tools/call tool=search_graph status=ok duration_ms=0
level=info msg=mcp.request protocol=jsonrpc method=tools/call tool=trace_path status=ok duration_ms=0
level=info msg=mcp.request protocol=jsonrpc method=tools/call tool=search_graph status=ok duration_ms=0
level=info msg=mcp.request protocol=jsonrpc method=tools/call tool=trace_path status=ok duration_ms=0
level=info msg=index.supervisor.reap outcome=clean exit_code=0 signal=0
level=info msg=mcp.request protocol=jsonrpc method=tools/call tool=index_repository status=ok duration_ms=1669
level=info msg=mcp.request protocol=jsonrpc method=tools/call tool=search_graph status=ok duration_ms=0
level=info msg=mcp.request protocol=jsonrpc method=tools/call tool=trace_path status=ok duration_ms=0
level=info msg=mcp.request protocol=jsonrpc method=tools/call tool=search_graph status=ok duration_ms=0
level=info msg=mcp.request protocol=jsonrpc method=tools/call tool=trace_path status=ok duration_ms=0
level=info msg=mcp.request protocol=jsonrpc method=tools/call tool=search_graph status=ok duration_ms=0
level=info msg=mcp.request protocol=jsonrpc method=tools/call tool=trace_path status=ok duration_ms=0
level=info msg=mcp.request protocol=jsonrpc method=tools/call tool=search_graph status=ok duration_ms=0
level=info msg=mcp.request protocol=jsonrpc method=tools/call tool=trace_path status=ok duration_ms=0
level=info msg=mcp.request protocol=jsonrpc method=tools/call tool=search_graph status=ok duration_ms=0
level=info msg=mcp.request protocol=jsonrpc method=tools/call tool=trace_path status=ok duration_ms=0
level=info msg=mcp.request protocol=jsonrpc method=tools/call tool=search_graph status=ok duration_ms=0
level=info msg=mcp.request protocol=jsonrpc method=tools/call tool=trace_path status=ok duration_ms=0
level=info msg=mcp.request protocol=jsonrpc method=tools/call tool=search_graph status=ok duration_ms=0
level=info msg=mcp.request protocol=jsonrpc method=tools/call tool=trace_path status=ok duration_ms=0
level=info msg=mcp.request protocol=jsonrpc method=tools/call tool=search_graph status=ok duration_ms=0
level=info msg=mcp.request protocol=jsonrpc method=tools/call tool=trace_path status=ok duration_ms=0
level=info msg=mcp.request protocol=jsonrpc method=tools/call tool=search_graph status=ok duration_ms=0
level=info msg=mcp.request protocol=jsonrpc method=tools/call tool=trace_path status=ok duration_ms=0
level=info msg=mcp.request protocol=jsonrpc method=tools/call tool=search_graph status=ok duration_ms=0
level=info msg=mcp.request protocol=jsonrpc method=tools/call tool=trace_path status=ok duration_ms=0
level=info msg=mcp.request protocol=jsonrpc method=tools/call tool=search_graph status=ok duration_ms=0
level=info msg=mcp.request protocol=jsonrpc method=tools/call tool=trace_path status=ok duration_ms=0
level=info msg=mcp.request protocol=jsonrpc method=tools/call tool=search_graph status=ok duration_ms=0
level=info msg=mcp.request protocol=jsonrpc method=tools/call tool=trace_path status=ok duration_ms=0
level=info msg=mcp.request protocol=jsonrpc method=tools/call tool=search_graph status=ok duration_ms=1
level=info msg=mcp.request protocol=jsonrpc method=tools/call tool=trace_path status=ok duration_ms=1
level=info msg=mcp.request protocol=jsonrpc method=tools/call tool=search_graph status=ok duration_ms=0
level=info msg=mcp.request protocol=jsonrpc method=tools/call tool=trace_path status=ok duration_ms=0
level=info msg=mcp.request protocol=jsonrpc method=tools/call tool=search_graph status=ok duration_ms=1
level=info msg=mcp.request protocol=jsonrpc method=tools/call tool=trace_path status=ok duration_ms=1
level=info msg=mcp.request protocol=jsonrpc method=tools/call tool=search_graph status=ok duration_ms=1
level=info msg=mcp.request protocol=jsonrpc method=tools/call tool=trace_path status=ok duration_ms=1
level=info msg=mcp.request protocol=jsonrpc method=tools/call tool=search_graph status=ok duration_ms=0
level=info msg=mcp.request protocol=jsonrpc method=tools/call tool=trace_path status=ok duration_ms=0
level=info msg=mcp.request protocol=jsonrpc method=tools/call tool=search_graph status=ok duration_ms=1
level=info msg=mcp.request protocol=jsonrpc method=tools/call tool=trace_path status=ok duration_ms=0
level=info msg=mcp.request protocol=jsonrpc method=tools/call tool=search_graph status=ok duration_ms=0
level=info msg=mcp.request protocol=jsonrpc method=tools/call tool=trace_path status=ok duration_ms=0
level=info msg=mcp.request protocol=jsonrpc method=tools/call tool=search_graph status=ok duration_ms=0
level=info msg=mcp.request protocol=jsonrpc method=tools/call tool=trace_path status=ok duration_ms=0
level=info msg=mcp.request protocol=jsonrpc method=tools/call tool=search_graph status=ok duration_ms=0
level=info msg=mcp.request protocol=jsonrpc method=tools/call tool=trace_path status=ok duration_ms=0
level=info msg=mcp.request protocol=jsonrpc method=tools/call tool=search_graph status=ok duration_ms=0
level=info msg=mcp.request protocol=jsonrpc method=tools/call tool=trace_path status=ok duration_ms=0
level=info msg=mcp.request protocol=jsonrpc method=tools/call tool=search_graph status=ok duration_ms=0
level=info msg=mcp.request protocol=jsonrpc method=tools/call tool=trace_path status=ok duration_ms=0
level=info msg=mcp.request protocol=jsonrpc method=tools/call tool=search_graph status=ok duration_ms=0
level=info msg=mcp.request protocol=jsonrpc method=tools/call tool=trace_path status=ok duration_ms=0
level=info msg=mcp.request protocol=jsonrpc method=tools/call tool=search_graph status=ok duration_ms=0
level=info msg=mcp.request protocol=jsonrpc method=tools/call tool=trace_path status=ok duration_ms=0
level=info msg=mcp.request protocol=jsonrpc method=tools/call tool=search_graph status=ok duration_ms=1
level=info msg=mcp.request protocol=jsonrpc method=tools/call tool=trace_path status=ok duration_ms=1
level=info msg=mcp.request protocol=jsonrpc method=tools/call tool=search_graph status=ok duration_ms=0
level=info msg=mcp.request protocol=jsonrpc method=tools/call tool=trace_path status=ok duration_ms=0
level=info msg=mcp.request protocol=jsonrpc method=tools/call tool=search_graph status=ok duration_ms=0
level=info msg=mcp.request protocol=jsonrpc method=tools/call tool=trace_path status=ok duration_ms=0
level=info msg=mcp.request protocol=jsonrpc method=tools/call tool=search_graph status=ok duration_ms=0
level=info msg=mcp.request protocol=jsonrpc method=tools/call tool=trace_path status=ok duration_ms=1
level=info msg=mcp.request protocol=jsonrpc method=tools/call tool=search_graph status=ok duration_ms=0
level=info msg=mcp.request protocol=jsonrpc method=tools/call tool=trace_path status=ok duration_ms=0
level=info msg=mcp.request protocol=jsonrpc method=tools/call tool=search_graph status=ok duration_ms=0
level=info msg=mcp.request protocol=jsonrpc method=tools/call tool=trace_path status=ok duration_ms=0
level=info msg=mcp.request protocol=jsonrpc method=tools/call tool=search_graph status=ok duration_ms=0
level=info msg=mcp.request protocol=jsonrpc method=tools/call tool=trace_path status=ok duration_ms=0
level=info msg=mcp.request protocol=jsonrpc method=tools/call tool=search_graph status=ok duration_ms=0
level=info msg=mcp.request protocol=jsonrpc method=tools/call tool=trace_path status=ok duration_ms=0
level=info msg=mcp.request protocol=jsonrpc method=tools/call tool=search_graph status=ok duration_ms=0
level=info msg=mcp.request protocol=jsonrpc method=tools/call tool=trace_path status=ok duration_ms=0
level=info msg=mcp.request protocol=jsonrpc method=tools/call tool=search_graph status=ok duration_ms=0
level=info msg=mcp.request protocol=jsonrpc method=tools/call tool=trace_path status=ok duration_ms=0
level=info msg=mcp.request protocol=jsonrpc method=tools/call tool=search_graph status=ok duration_ms=0
level=info msg=mcp.request protocol=jsonrpc method=tools/call tool=trace_path status=ok duration_ms=0
level=info msg=mcp.request protocol=jsonrpc method=tools/call tool=search_graph status=ok duration_ms=0
level=info msg=mcp.request protocol=jsonrpc method=tools/call tool=trace_path status=ok duration_ms=0
level=info msg=mcp.request protocol=jsonrpc method=tools/call tool=search_graph status=ok duration_ms=0
level=info msg=mcp.request protocol=jsonrpc method=tools/call tool=trace_path status=ok duration_ms=0
level=info msg=mcp.request protocol=jsonrpc method=tools/call tool=search_graph status=ok duration_ms=0
level=info msg=mcp.request protocol=jsonrpc method=tools/call tool=trace_path status=ok duration_ms=0
level=info msg=mcp.request protocol=jsonrpc method=tools/call tool=search_graph status=ok duration_ms=0
level=info msg=mcp.request protocol=jsonrpc method=tools/call tool=trace_path status=ok duration_ms=1
level=info msg=mcp.request protocol=jsonrpc method=tools/call tool=search_graph status=ok duration_ms=0
level=info msg=mcp.request protocol=jsonrpc method=tools/call tool=trace_path status=ok duration_ms=0
level=info msg=mcp.request protocol=jsonrpc method=tools/call tool=search_graph status=ok duration_ms=0
level=info msg=mcp.request protocol=jsonrpc method=tools/call tool=trace_path status=ok duration_ms=0
level=info msg=mcp.request protocol=jsonrpc method=tools/call tool=search_graph status=ok duration_ms=0
level=info msg=mcp.request protocol=jsonrpc method=tools/call tool=trace_path status=ok duration_ms=0
level=info msg=mcp.request protocol=jsonrpc method=tools/call tool=search_graph status=ok duration_ms=0
level=info msg=mcp.request protocol=jsonrpc method=tools/call tool=trace_path status=ok duration_ms=0
level=info msg=mcp.request protocol=jsonrpc method=tools/call tool=search_graph status=ok duration_ms=0
level=info msg=mcp.request protocol=jsonrpc method=tools/call tool=trace_path status=ok duration_ms=0
level=info msg=mcp.request protocol=jsonrpc method=tools/call tool=search_graph status=ok duration_ms=0
level=info msg=mcp.request protocol=jsonrpc method=tools/call tool=trace_path status=ok duration_ms=0
level=info msg=mcp.request protocol=jsonrpc method=tools/call tool=search_graph status=ok duration_ms=0
level=info msg=mcp.request protocol=jsonrpc method=tools/call tool=trace_path status=ok duration_ms=0
level=info msg=mcp.request protocol=jsonrpc method=tools/call tool=search_graph status=ok duration_ms=0
level=info msg=mcp.request protocol=jsonrpc method=tools/call tool=trace_path status=ok duration_ms=0
level=info msg=mcp.request protocol=jsonrpc method=tools/call tool=search_graph status=ok duration_ms=0
level=info msg=mcp.request protocol=jsonrpc method=tools/call tool=trace_path status=ok duration_ms=0
level=info msg=mcp.request protocol=jsonrpc method=tools/call tool=search_graph status=ok duration_ms=0
level=info msg=mcp.request protocol=jsonrpc method=tools/call tool=trace_path status=ok duration_ms=0
level=info msg=mcp.request protocol=jsonrpc method=tools/call tool=search_graph status=ok duration_ms=0
level=info msg=mcp.request protocol=jsonrpc method=tools/call tool=trace_path status=ok duration_ms=0
level=info msg=mcp.request protocol=jsonrpc method=tools/call tool=search_graph status=ok duration_ms=0
level=info msg=mcp.request protocol=jsonrpc method=tools/call tool=trace_path status=ok duration_ms=0
level=info msg=mcp.request protocol=jsonrpc method=tools/call tool=search_graph status=ok duration_ms=0
level=info msg=mcp.request protocol=jsonrpc method=tools/call tool=trace_path status=ok duration_ms=0
level=info msg=mcp.request protocol=jsonrpc method=tools/call tool=search_graph status=ok duration_ms=0
level=info msg=mcp.request protocol=jsonrpc method=tools/call tool=trace_path status=ok duration_ms=0
level=info msg=mcp.request protocol=jsonrpc method=tools/call tool=search_graph status=ok duration_ms=0
level=info msg=mcp.request protocol=jsonrpc method=tools/call tool=trace_path status=ok duration_ms=0
level=info msg=mcp.request protocol=jsonrpc method=tools/call tool=search_graph status=ok duration_ms=0
level=info msg=mcp.request protocol=jsonrpc method=tools/call tool=trace_path status=ok duration_ms=0
level=info msg=mcp.request protocol=jsonrpc method=tools/call tool=search_graph status=ok duration_ms=0
level=info msg=mcp.request protocol=jsonrpc method=tools/call tool=trace_path status=ok duration_ms=0
level=info msg=mcp.request protocol=jsonrpc method=tools/call tool=search_graph status=ok duration_ms=0
level=info msg=mcp.request protocol=jsonrpc method=tools/call tool=trace_path status=ok duration_ms=0
level=info msg=index.supervisor.reap outcome=clean exit_code=0 signal=0
level=info msg=mcp.request protocol=jsonrpc method=tools/call tool=index_repository status=ok duration_ms=1616
level=info msg=mcp.request protocol=jsonrpc method=tools/call tool=search_graph status=ok duration_ms=0
level=info msg=mcp.request protocol=jsonrpc method=tools/call tool=trace_path status=ok duration_ms=0
level=info msg=mcp.request protocol=jsonrpc method=tools/call tool=search_graph status=ok duration_ms=1
level=info msg=mcp.request protocol=jsonrpc method=tools/call tool=trace_path status=ok duration_ms=1
level=info msg=mcp.request protocol=jsonrpc method=tools/call tool=search_graph status=ok duration_ms=1
level=info msg=mcp.request protocol=jsonrpc method=tools/call tool=trace_path status=ok duration_ms=0
level=info msg=mcp.request protocol=jsonrpc method=tools/call tool=search_graph status=ok duration_ms=0
level=info msg=mcp.request protocol=jsonrpc method=tools/call tool=trace_path status=ok duration_ms=0
level=info msg=mcp.request protocol=jsonrpc method=tools/call tool=search_graph status=ok duration_ms=0
level=info msg=mcp.request protocol=jsonrpc method=tools/call tool=trace_path status=ok duration_ms=0
level=info msg=mcp.request protocol=jsonrpc method=tools/call tool=search_graph status=ok duration_ms=1
level=info msg=mcp.request protocol=jsonrpc method=tools/call tool=trace_path status=ok duration_ms=0
level=info msg=mcp.request protocol=jsonrpc method=tools/call tool=search_graph status=ok duration_ms=0
level=info msg=mcp.request protocol=jsonrpc method=tools/call tool=trace_path status=ok duration_ms=1
level=info msg=mcp.request protocol=jsonrpc method=tools/call tool=search_graph status=ok duration_ms=0
level=info msg=mcp.request protocol=jsonrpc method=tools/call tool=trace_path status=ok duration_ms=1
level=info msg=mcp.request protocol=jsonrpc method=tools/call tool=search_graph status=ok duration_ms=1
level=info msg=mcp.request protocol=jsonrpc method=tools/call tool=trace_path status=ok duration_ms=0
level=info msg=mcp.request protocol=jsonrpc method=tools/call tool=search_graph status=ok duration_ms=1
level=info msg=mcp.request protocol=jsonrpc method=tools/call tool=trace_path status=ok duration_ms=1
level=info msg=mcp.request protocol=jsonrpc method=tools/call tool=search_graph status=ok duration_ms=0
level=info msg=mcp.request protocol=jsonrpc method=tools/call tool=trace_path status=ok duration_ms=0
level=info msg=mcp.request protocol=jsonrpc method=tools/call tool=search_graph status=ok duration_ms=1
level=info msg=mcp.request protocol=jsonrpc method=tools/call tool=trace_path status=ok duration_ms=1
level=info msg=mcp.request protocol=jsonrpc method=tools/call tool=search_graph status=ok duration_ms=1
level=info msg=mcp.request protocol=jsonrpc method=tools/call tool=trace_path status=ok duration_ms=1
level=info msg=mcp.request protocol=jsonrpc method=tools/call tool=search_graph status=ok duration_ms=0
level=info msg=mcp.request protocol=jsonrpc method=tools/call tool=trace_path status=ok duration_ms=1
level=info msg=mcp.request protocol=jsonrpc method=tools/call tool=search_graph status=ok duration_ms=1
level=info msg=mcp.request protocol=jsonrpc method=tools/call tool=trace_path status=ok duration_ms=1
level=info msg=mcp.request protocol=jsonrpc method=tools/call tool=search_graph status=ok duration_ms=1
level=info msg=mcp.request protocol=jsonrpc method=tools/call tool=trace_path status=ok duration_ms=1
level=info msg=mcp.request protocol=jsonrpc method=tools/call tool=search_graph status=ok duration_ms=0
level=info msg=mcp.request protocol=jsonrpc method=tools/call tool=trace_path status=ok duration_ms=0
level=info msg=mcp.request protocol=jsonrpc method=tools/call tool=search_graph status=ok duration_ms=0
level=info msg=mcp.request protocol=jsonrpc method=tools/call tool=trace_path status=ok duration_ms=0
level=info msg=mcp.request protocol=jsonrpc method=tools/call tool=search_graph status=ok duration_ms=0
level=info msg=mcp.request protocol=jsonrpc method=tools/call tool=trace_path status=ok duration_ms=0
level=info msg=mcp.request protocol=jsonrpc method=tools/call tool=search_graph status=ok duration_ms=0
level=info msg=mcp.request protocol=jsonrpc method=tools/call tool=trace_path status=ok duration_ms=0
level=info msg=mcp.request protocol=jsonrpc method=tools/call tool=search_graph status=ok duration_ms=0
level=info msg=mcp.request protocol=jsonrpc method=tools/call tool=trace_path status=ok duration_ms=0
level=info msg=mcp.request protocol=jsonrpc method=tools/call tool=search_graph status=ok duration_ms=0
level=info msg=mcp.request protocol=jsonrpc method=tools/call tool=trace_path status=ok duration_ms=0
level=info msg=mcp.request protocol=jsonrpc method=tools/call tool=search_graph status=ok duration_ms=0
level=info msg=mcp.request protocol=jsonrpc method=tools/call tool=trace_path status=ok duration_ms=0
level=info msg=mcp.request protocol=jsonrpc method=tools/call tool=search_graph status=ok duration_ms=0
level=info msg=mcp.request protocol=jsonrpc method=tools/call tool=trace_path status=ok duration_ms=0
level=info msg=mcp.request protocol=jsonrpc method=tools/call tool=search_graph status=ok duration_ms=0
level=info msg=mcp.request protocol=jsonrpc method=tools/call tool=trace_path status=ok duration_ms=0
level=info msg=mcp.request protocol=jsonrpc method=tools/call tool=search_graph status=ok duration_ms=0
level=info msg=mcp.request protocol=jsonrpc method=tools/call tool=trace_path status=ok duration_ms=0
level=info msg=mcp.request protocol=jsonrpc method=tools/call tool=search_graph status=ok duration_ms=0
level=info msg=mcp.request protocol=jsonrpc method=tools/call tool=trace_path status=ok duration_ms=0
level=info msg=mcp.request protocol=jsonrpc method=tools/call tool=search_graph status=ok duration_ms=0
level=info msg=mcp.request protocol=jsonrpc method=tools/call tool=trace_path status=ok duration_ms=1
level=info msg=mcp.request protocol=jsonrpc method=tools/call tool=search_graph status=ok duration_ms=0
level=info msg=mcp.request protocol=jsonrpc method=tools/call tool=trace_path status=ok duration_ms=0
level=info msg=mcp.request protocol=jsonrpc method=tools/call tool=search_graph status=ok duration_ms=0
level=info msg=mcp.request protocol=jsonrpc method=tools/call tool=trace_path status=ok duration_ms=0
level=info msg=mcp.request protocol=jsonrpc method=tools/call tool=search_graph status=ok duration_ms=0
level=info msg=mcp.request protocol=jsonrpc method=tools/call tool=trace_path status=ok duration_ms=1
level=info msg=mcp.request protocol=jsonrpc method=tools/call tool=search_graph status=ok duration_ms=0
level=info msg=mcp.request protocol=jsonrpc method=tools/call tool=trace_path status=ok duration_ms=1
level=info msg=mcp.request protocol=jsonrpc method=tools/call tool=search_graph status=ok duration_ms=0
level=info msg=mcp.request protocol=jsonrpc method=tools/call tool=trace_path status=ok duration_ms=0
level=info msg=mcp.request protocol=jsonrpc method=tools/call tool=search_graph status=ok duration_ms=0
level=info msg=mcp.request protocol=jsonrpc method=tools/call tool=trace_path status=ok duration_ms=1
level=info msg=mcp.request protocol=jsonrpc method=tools/call tool=search_graph status=ok duration_ms=0
level=info msg=mcp.request protocol=jsonrpc method=tools/call tool=trace_path status=ok duration_ms=1
level=info msg=mcp.request protocol=jsonrpc method=tools/call tool=search_graph status=ok duration_ms=0
level=info msg=mcp.request protocol=jsonrpc method=tools/call tool=trace_path status=ok duration_ms=0
level=info msg=mcp.request protocol=jsonrpc method=tools/call tool=search_graph status=ok duration_ms=0
level=info msg=mcp.request protocol=jsonrpc method=tools/call tool=trace_path status=ok duration_ms=0
level=info msg=mcp.request protocol=jsonrpc method=tools/call tool=search_graph status=ok duration_ms=0
level=info msg=mcp.request protocol=jsonrpc method=tools/call tool=trace_path status=ok duration_ms=0
level=info msg=mcp.request protocol=jsonrpc method=tools/call tool=search_graph status=ok duration_ms=0
level=info msg=mcp.request protocol=jsonrpc method=tools/call tool=trace_path status=ok duration_ms=0
level=info msg=mcp.request protocol=jsonrpc method=tools/call tool=search_graph status=ok duration_ms=0
level=info msg=mcp.request protocol=jsonrpc method=tools/call tool=trace_path status=ok duration_ms=1
level=info msg=mcp.request protocol=jsonrpc method=tools/call tool=search_graph status=ok duration_ms=0
level=info msg=mcp.request protocol=jsonrpc method=tools/call tool=trace_path status=ok duration_ms=0
level=info msg=mcp.request protocol=jsonrpc method=tools/call tool=search_graph status=ok duration_ms=0
level=info msg=mcp.request protocol=jsonrpc method=tools/call tool=trace_path status=ok duration_ms=0
level=info msg=mcp.request protocol=jsonrpc method=tools/call tool=search_graph status=ok duration_ms=0
level=info msg=mcp.request protocol=jsonrpc method=tools/call tool=trace_path status=ok duration_ms=1
level=info msg=mcp.request protocol=jsonrpc method=tools/call tool=search_graph status=ok duration_ms=1
level=info msg=mcp.request protocol=jsonrpc method=tools/call tool=trace_path status=ok duration_ms=0
level=info msg=mcp.request protocol=jsonrpc method=tools/call tool=search_graph status=ok duration_ms=0
level=info msg=mcp.request protocol=jsonrpc method=tools/call tool=trace_path status=ok duration_ms=0
level=info msg=mcp.request protocol=jsonrpc method=tools/call tool=search_graph status=ok duration_ms=0
level=info msg=mcp.request protocol=jsonrpc method=tools/call tool=trace_path status=ok duration_ms=0
level=info msg=mcp.request protocol=jsonrpc method=tools/call tool=search_graph status=ok duration_ms=0
level=info msg=mcp.request protocol=jsonrpc method=tools/call tool=trace_path status=ok duration_ms=0
level=info msg=mcp.request protocol=jsonrpc method=tools/call tool=search_graph status=ok duration_ms=0
level=info msg=mcp.request protocol=jsonrpc method=tools/call tool=trace_path status=ok duration_ms=0
level=info msg=mcp.request protocol=jsonrpc method=tools/call tool=search_graph status=ok duration_ms=0
level=info msg=mcp.request protocol=jsonrpc method=tools/call tool=trace_path status=ok duration_ms=0
level=info msg=mcp.request protocol=jsonrpc method=tools/call tool=search_graph status=ok duration_ms=0
level=info msg=mcp.request protocol=jsonrpc method=tools/call tool=trace_path status=ok duration_ms=0
level=info msg=mcp.request protocol=jsonrpc method=tools/call tool=search_graph status=ok duration_ms=0
level=info msg=mcp.request protocol=jsonrpc method=tools/call tool=trace_path status=ok duration_ms=0
level=info msg=mcp.request protocol=jsonrpc method=tools/call tool=search_graph status=ok duration_ms=0
level=info msg=mcp.request protocol=jsonrpc method=tools/call tool=trace_path status=ok duration_ms=1
level=info msg=mcp.request protocol=jsonrpc method=tools/call tool=search_graph status=ok duration_ms=0
level=info msg=mcp.request protocol=jsonrpc method=tools/call tool=trace_path status=ok duration_ms=0
level=info msg=mcp.request protocol=jsonrpc method=tools/call tool=search_graph status=ok duration_ms=0
level=info msg=mcp.request protocol=jsonrpc method=tools/call tool=trace_path status=ok duration_ms=1
level=info msg=mcp.request protocol=jsonrpc method=tools/call tool=search_graph status=ok duration_ms=0
level=info msg=mcp.request protocol=jsonrpc method=tools/call tool=trace_path status=ok duration_ms=0
level=info msg=mcp.request protocol=jsonrpc method=tools/call tool=search_graph status=ok duration_ms=0
level=info msg=mcp.request protocol=jsonrpc method=tools/call tool=trace_path status=ok duration_ms=0
level=info msg=mcp.request protocol=jsonrpc method=tools/call tool=search_graph status=ok duration_ms=0
level=info msg=mcp.request protocol=jsonrpc method=tools/call tool=trace_path status=ok duration_ms=0
level=info msg=mcp.request protocol=jsonrpc method=tools/call tool=search_graph status=ok duration_ms=0
level=info msg=mcp.request protocol=jsonrpc method=tools/call tool=trace_path status=ok duration_ms=1
level=info msg=index.supervisor.reap outcome=clean exit_code=0 signal=0
level=info msg=mcp.request protocol=jsonrpc method=tools/call tool=index_repository status=ok duration_ms=1742
level=info msg=mcp.request protocol=jsonrpc method=tools/call tool=search_graph status=ok duration_ms=0
level=info msg=mcp.request protocol=jsonrpc method=tools/call tool=trace_path status=ok duration_ms=0
level=info msg=mcp.request protocol=jsonrpc method=tools/call tool=search_graph status=ok duration_ms=1
level=info msg=mcp.request protocol=jsonrpc method=tools/call tool=trace_path status=ok duration_ms=0
level=info msg=mcp.request protocol=jsonrpc method=tools/call tool=search_graph status=ok duration_ms=0
level=info msg=mcp.request protocol=jsonrpc method=tools/call tool=trace_path status=ok duration_ms=0
level=info msg=mcp.request protocol=jsonrpc method=tools/call tool=search_graph status=ok duration_ms=0
level=info msg=mcp.request protocol=jsonrpc method=tools/call tool=trace_path status=ok duration_ms=1
level=info msg=mcp.request protocol=jsonrpc method=tools/call tool=search_graph status=ok duration_ms=0
level=info msg=mcp.request protocol=jsonrpc method=tools/call tool=trace_path status=ok duration_ms=1
level=info msg=mcp.request protocol=jsonrpc method=tools/call tool=search_graph status=ok duration_ms=0
level=info msg=mcp.request protocol=jsonrpc method=tools/call tool=trace_path status=ok duration_ms=0
level=info msg=mcp.request protocol=jsonrpc method=tools/call tool=search_graph status=ok duration_ms=0
level=info msg=mcp.request protocol=jsonrpc method=tools/call tool=trace_path status=ok duration_ms=0
level=info msg=mcp.request protocol=jsonrpc method=tools/call tool=search_graph status=ok duration_ms=0
level=info msg=mcp.request protocol=jsonrpc method=tools/call tool=trace_path status=ok duration_ms=0
level=info msg=mcp.request protocol=jsonrpc method=tools/call tool=search_graph status=ok duration_ms=1
level=info msg=mcp.request protocol=jsonrpc method=tools/call tool=trace_path status=ok duration_ms=0
level=info msg=mcp.request protocol=jsonrpc method=tools/call tool=search_graph status=ok duration_ms=1
level=info msg=mcp.request protocol=jsonrpc method=tools/call tool=trace_path status=ok duration_ms=1
level=info msg=mcp.request protocol=jsonrpc method=tools/call tool=search_graph status=ok duration_ms=0
level=info msg=mcp.request protocol=jsonrpc method=tools/call tool=trace_path status=ok duration_ms=0
level=info msg=mcp.request protocol=jsonrpc method=tools/call tool=search_graph status=ok duration_ms=0
level=info msg=mcp.request protocol=jsonrpc method=tools/call tool=trace_path status=ok duration_ms=1
level=info msg=mcp.request protocol=jsonrpc method=tools/call tool=search_graph status=ok duration_ms=0
level=info msg=mcp.request protocol=jsonrpc method=tools/call tool=trace_path status=ok duration_ms=1
level=info msg=mcp.request protocol=jsonrpc method=tools/call tool=search_graph status=ok duration_ms=1
level=info msg=mcp.request protocol=jsonrpc method=tools/call tool=trace_path status=ok duration_ms=1
level=info msg=mcp.request protocol=jsonrpc method=tools/call tool=search_graph status=ok duration_ms=0
level=info msg=mcp.request protocol=jsonrpc method=tools/call tool=trace_path status=ok duration_ms=0
level=info msg=mcp.request protocol=jsonrpc method=tools/call tool=search_graph status=ok duration_ms=0
level=info msg=mcp.request protocol=jsonrpc method=tools/call tool=trace_path status=ok duration_ms=0
level=info msg=mcp.request protocol=jsonrpc method=tools/call tool=search_graph status=ok duration_ms=0
level=info msg=mcp.request protocol=jsonrpc method=tools/call tool=trace_path status=ok duration_ms=1
level=info msg=mcp.request protocol=jsonrpc method=tools/call tool=search_graph status=ok duration_ms=0
level=info msg=mcp.request protocol=jsonrpc method=tools/call tool=trace_path status=ok duration_ms=1
level=info msg=mcp.request protocol=jsonrpc method=tools/call tool=search_graph status=ok duration_ms=0
level=info msg=mcp.request protocol=jsonrpc method=tools/call tool=trace_path status=ok duration_ms=1
level=info msg=mcp.request protocol=jsonrpc method=tools/call tool=search_graph status=ok duration_ms=1
level=info msg=mcp.request protocol=jsonrpc method=tools/call tool=trace_path status=ok duration_ms=0
level=info msg=mcp.request protocol=jsonrpc method=tools/call tool=search_graph status=ok duration_ms=0
level=info msg=mcp.request protocol=jsonrpc method=tools/call tool=trace_path status=ok duration_ms=0
level=info msg=mcp.request protocol=jsonrpc method=tools/call tool=search_graph status=ok duration_ms=0
level=info msg=mcp.request protocol=jsonrpc method=tools/call tool=trace_path status=ok duration_ms=0
level=info msg=mcp.request protocol=jsonrpc method=tools/call tool=search_graph status=ok duration_ms=0
level=info msg=mcp.request protocol=jsonrpc method=tools/call tool=trace_path status=ok duration_ms=0
level=info msg=mcp.request protocol=jsonrpc method=tools/call tool=search_graph status=ok duration_ms=1
level=info msg=mcp.request protocol=jsonrpc method=tools/call tool=trace_path status=ok duration_ms=0
level=info msg=mcp.request protocol=jsonrpc method=tools/call tool=search_graph status=ok duration_ms=1
level=info msg=mcp.request protocol=jsonrpc method=tools/call tool=trace_path status=ok duration_ms=0
level=info msg=mcp.request protocol=jsonrpc method=tools/call tool=search_graph status=ok duration_ms=0
level=info msg=mcp.request protocol=jsonrpc method=tools/call tool=trace_path status=ok duration_ms=0
level=info msg=mcp.request protocol=jsonrpc method=tools/call tool=search_graph status=ok duration_ms=0
level=info msg=mcp.request protocol=jsonrpc method=tools/call tool=trace_path status=ok duration_ms=0
level=info msg=mcp.request protocol=jsonrpc method=tools/call tool=search_graph status=ok duration_ms=0
level=info msg=mcp.request protocol=jsonrpc method=tools/call tool=trace_path status=ok duration_ms=1
level=info msg=mcp.request protocol=jsonrpc method=tools/call tool=search_graph status=ok duration_ms=0
level=info msg=mcp.request protocol=jsonrpc method=tools/call tool=trace_path status=ok duration_ms=0
level=info msg=mcp.request protocol=jsonrpc method=tools/call tool=search_graph status=ok duration_ms=1
level=info msg=mcp.request protocol=jsonrpc method=tools/call tool=trace_path status=ok duration_ms=0
level=info msg=mcp.request protocol=jsonrpc method=tools/call tool=search_graph status=ok duration_ms=0
level=info msg=mcp.request protocol=jsonrpc method=tools/call tool=trace_path status=ok duration_ms=0
level=info msg=mcp.request protocol=jsonrpc method=tools/call tool=search_graph status=ok duration_ms=0
level=info msg=mcp.request protocol=jsonrpc method=tools/call tool=trace_path status=ok duration_ms=0
level=info msg=mcp.request protocol=jsonrpc method=tools/call tool=search_graph status=ok duration_ms=2
level=info msg=mcp.request protocol=jsonrpc method=tools/call tool=trace_path status=ok duration_ms=0
level=info msg=mcp.request protocol=jsonrpc method=tools/call tool=search_graph status=ok duration_ms=1
level=info msg=mcp.request protocol=jsonrpc method=tools/call tool=trace_path status=ok duration_ms=0
level=info msg=mcp.request protocol=jsonrpc method=tools/call tool=search_graph status=ok duration_ms=0
level=info msg=mcp.request protocol=jsonrpc method=tools/call tool=trace_path status=ok duration_ms=0
level=info msg=mcp.request protocol=jsonrpc method=tools/call tool=search_graph status=ok duration_ms=0
level=info msg=mcp.request protocol=jsonrpc method=tools/call tool=trace_path status=ok duration_ms=0
level=info msg=mcp.request protocol=jsonrpc method=tools/call tool=search_graph status=ok duration_ms=0
level=info msg=mcp.request protocol=jsonrpc method=tools/call tool=trace_path status=ok duration_ms=1
level=info msg=mcp.request protocol=jsonrpc method=tools/call tool=search_graph status=ok duration_ms=0
level=info msg=mcp.request protocol=jsonrpc method=tools/call tool=trace_path status=ok duration_ms=0
level=info msg=mcp.request protocol=jsonrpc method=tools/call tool=search_graph status=ok duration_ms=0
level=info msg=mcp.request protocol=jsonrpc method=tools/call tool=trace_path status=ok duration_ms=1
level=info msg=mcp.request protocol=jsonrpc method=tools/call tool=search_graph status=ok duration_ms=0
level=info msg=mcp.request protocol=jsonrpc method=tools/call tool=trace_path status=ok duration_ms=0
level=info msg=mcp.request protocol=jsonrpc method=tools/call tool=search_graph status=ok duration_ms=0
level=info msg=mcp.request protocol=jsonrpc method=tools/call tool=trace_path status=ok duration_ms=1
level=info msg=mcp.request protocol=jsonrpc method=tools/call tool=search_graph status=ok duration_ms=0
level=info msg=mcp.request protocol=jsonrpc method=tools/call tool=trace_path status=ok duration_ms=1
level=info msg=mcp.request protocol=jsonrpc method=tools/call tool=search_graph status=ok duration_ms=0
level=info msg=mcp.request protocol=jsonrpc method=tools/call tool=trace_path status=ok duration_ms=0
level=info msg=mcp.request protocol=jsonrpc method=tools/call tool=search_graph status=ok duration_ms=0
level=info msg=mcp.request protocol=jsonrpc method=tools/call tool=trace_path status=ok duration_ms=0
level=info msg=mcp.request protocol=jsonrpc method=tools/call tool=search_graph status=ok duration_ms=0
level=info msg=mcp.request protocol=jsonrpc method=tools/call tool=trace_path status=ok duration_ms=1
level=info msg=mcp.request protocol=jsonrpc method=tools/call tool=search_graph status=ok duration_ms=0
level=info msg=mcp.request protocol=jsonrpc method=tools/call tool=trace_path status=ok duration_ms=0
level=info msg=mcp.request protocol=jsonrpc method=tools/call tool=search_graph status=ok duration_ms=0
level=info msg=mcp.request protocol=jsonrpc method=tools/call tool=trace_path status=ok duration_ms=0
level=info msg=mcp.request protocol=jsonrpc method=tools/call tool=search_graph status=ok duration_ms=0
level=info msg=mcp.request protocol=jsonrpc method=tools/call tool=trace_path status=ok duration_ms=0
level=info msg=mcp.request protocol=jsonrpc method=tools/call tool=search_graph status=ok duration_ms=0
level=info msg=mcp.request protocol=jsonrpc method=tools/call tool=trace_path status=ok duration_ms=0
level=info msg=mcp.request protocol=jsonrpc method=tools/call tool=search_graph status=ok duration_ms=0
level=info msg=mcp.request protocol=jsonrpc method=tools/call tool=trace_path status=ok duration_ms=0
level=info msg=mcp.request protocol=jsonrpc method=tools/call tool=search_graph status=ok duration_ms=0
level=info msg=mcp.request protocol=jsonrpc method=tools/call tool=trace_path status=ok duration_ms=0
level=info msg=mcp.request protocol=jsonrpc method=tools/call tool=search_graph status=ok duration_ms=0
level=info msg=mcp.request protocol=jsonrpc method=tools/call tool=trace_path status=ok duration_ms=0
level=info msg=mcp.request protocol=jsonrpc method=tools/call tool=search_graph status=ok duration_ms=1
level=info msg=mcp.request protocol=jsonrpc method=tools/call tool=trace_path status=ok duration_ms=0
level=info msg=mcp.request protocol=jsonrpc method=tools/call tool=search_graph status=ok duration_ms=1
level=info msg=mcp.request protocol=jsonrpc method=tools/call tool=trace_path status=ok duration_ms=1
level=info msg=mcp.request protocol=jsonrpc method=tools/call tool=search_graph status=ok duration_ms=0
level=info msg=mcp.request protocol=jsonrpc method=tools/call tool=trace_path status=ok duration_ms=0
level=info msg=mcp.request protocol=jsonrpc method=tools/call tool=search_graph status=ok duration_ms=0
level=info msg=mcp.request protocol=jsonrpc method=tools/call tool=trace_path status=ok duration_ms=0
level=info msg=mcp.request protocol=jsonrpc method=tools/call tool=search_graph status=ok duration_ms=2
level=info msg=mcp.request protocol=jsonrpc method=tools/call tool=trace_path status=ok duration_ms=1
level=info msg=index.supervisor.reap outcome=clean exit_code=0 signal=0
level=info msg=mcp.request protocol=jsonrpc method=tools/call tool=index_repository status=ok duration_ms=1616
level=info msg=mcp.request protocol=jsonrpc method=tools/call tool=search_graph status=ok duration_ms=1
level=info msg=mcp.request protocol=jsonrpc method=tools/call tool=trace_path status=ok duration_ms=1
level=info msg=mcp.request protocol=jsonrpc method=tools/call tool=search_graph status=ok duration_ms=1
level=info msg=mcp.request protocol=jsonrpc method=tools/call tool=trace_path status=ok duration_ms=0
level=info msg=mcp.request protocol=jsonrpc method=tools/call tool=search_graph status=ok duration_ms=1
level=info msg=mcp.request protocol=jsonrpc method=tools/call tool=trace_path status=ok duration_ms=0
level=info msg=mcp.request protocol=jsonrpc method=tools/call tool=search_graph status=ok duration_ms=1
level=info msg=mcp.request protocol=jsonrpc method=tools/call tool=trace_path status=ok duration_ms=1
level=info msg=mcp.request protocol=jsonrpc method=tools/call tool=search_graph status=ok duration_ms=1
level=info msg=mcp.request protocol=jsonrpc method=tools/call tool=trace_path status=ok duration_ms=1
level=info msg=mcp.request protocol=jsonrpc method=tools/call tool=search_graph status=ok duration_ms=0
level=info msg=mcp.request protocol=jsonrpc method=tools/call tool=trace_path status=ok duration_ms=1
level=info msg=mcp.request protocol=jsonrpc method=tools/call tool=search_graph status=ok duration_ms=1
level=info msg=mcp.request protocol=jsonrpc method=tools/call tool=trace_path status=ok duration_ms=1
level=info msg=mcp.request protocol=jsonrpc method=tools/call tool=search_graph status=ok duration_ms=1
level=info msg=mcp.request protocol=jsonrpc method=tools/call tool=trace_path status=ok duration_ms=1
level=info msg=mcp.request protocol=jsonrpc method=tools/call tool=search_graph status=ok duration_ms=1
level=info msg=mcp.request protocol=jsonrpc method=tools/call tool=trace_path status=ok duration_ms=1
level=info msg=mcp.request protocol=jsonrpc method=tools/call tool=search_graph status=ok duration_ms=1
level=info msg=mcp.request protocol=jsonrpc method=tools/call tool=trace_path status=ok duration_ms=1
level=info msg=mcp.request protocol=jsonrpc method=tools/call tool=search_graph status=ok duration_ms=1
level=info msg=mcp.request protocol=jsonrpc method=tools/call tool=trace_path status=ok duration_ms=1
level=info msg=mcp.request protocol=jsonrpc method=tools/call tool=search_graph status=ok duration_ms=1
level=info msg=mcp.request protocol=jsonrpc method=tools/call tool=trace_path status=ok duration_ms=1
level=info msg=mcp.request protocol=jsonrpc method=tools/call tool=search_graph status=ok duration_ms=1
level=info msg=mcp.request protocol=jsonrpc method=tools/call tool=trace_path status=ok duration_ms=1
level=info msg=mcp.request protocol=jsonrpc method=tools/call tool=search_graph status=ok duration_ms=0
level=info msg=mcp.request protocol=jsonrpc method=tools/call tool=trace_path status=ok duration_ms=1
level=info msg=mcp.request protocol=jsonrpc method=tools/call tool=search_graph status=ok duration_ms=1
level=info msg=mcp.request protocol=jsonrpc method=tools/call tool=trace_path status=ok duration_ms=1
level=info msg=mcp.request protocol=jsonrpc method=tools/call tool=search_graph status=ok duration_ms=1
level=info msg=mcp.request protocol=jsonrpc method=tools/call tool=trace_path status=ok duration_ms=1
level=info msg=mcp.request protocol=jsonrpc method=tools/call tool=search_graph status=ok duration_ms=1
level=info msg=mcp.request protocol=jsonrpc method=tools/call tool=trace_path status=ok duration_ms=1
level=info msg=mcp.request protocol=jsonrpc method=tools/call tool=search_graph status=ok duration_ms=1
level=info msg=mcp.request protocol=jsonrpc method=tools/call tool=trace_path status=ok duration_ms=1
level=info msg=mcp.request protocol=jsonrpc method=tools/call tool=search_graph status=ok duration_ms=0
level=info msg=mcp.request protocol=jsonrpc method=tools/call tool=trace_path status=ok duration_ms=1
level=info msg=mcp.request protocol=jsonrpc method=tools/call tool=search_graph status=ok duration_ms=0
level=info msg=mcp.request protocol=jsonrpc method=tools/call tool=trace_path status=ok duration_ms=1
level=info msg=mcp.request protocol=jsonrpc method=tools/call tool=search_graph status=ok duration_ms=1
level=info msg=mcp.request protocol=jsonrpc method=tools/call tool=trace_path status=ok duration_ms=0
level=info msg=mcp.request protocol=jsonrpc method=tools/call tool=search_graph status=ok duration_ms=1
level=info msg=mcp.request protocol=jsonrpc method=tools/call tool=trace_path status=ok duration_ms=1
level=info msg=mcp.request protocol=jsonrpc method=tools/call tool=search_graph status=ok duration_ms=1
level=info msg=mcp.request protocol=jsonrpc method=tools/call tool=trace_path status=ok duration_ms=1
level=info msg=mcp.request protocol=jsonrpc method=tools/call tool=search_graph status=ok duration_ms=1
level=info msg=mcp.request protocol=jsonrpc method=tools/call tool=trace_path status=ok duration_ms=0
level=info msg=mcp.request protocol=jsonrpc method=tools/call tool=search_graph status=ok duration_ms=1
level=info msg=mcp.request protocol=jsonrpc method=tools/call tool=trace_path status=ok duration_ms=0
level=info msg=mcp.request protocol=jsonrpc method=tools/call tool=search_graph status=ok duration_ms=0
level=info msg=mcp.request protocol=jsonrpc method=tools/call tool=trace_path status=ok duration_ms=0
level=info msg=mcp.request protocol=jsonrpc method=tools/call tool=search_graph status=ok duration_ms=0
level=info msg=mcp.request protocol=jsonrpc method=tools/call tool=trace_path status=ok duration_ms=1
level=info msg=mcp.request protocol=jsonrpc method=tools/call tool=search_graph status=ok duration_ms=1
level=info msg=mcp.request protocol=jsonrpc method=tools/call tool=trace_path status=ok duration_ms=1
level=info msg=mcp.request protocol=jsonrpc method=tools/call tool=search_graph status=ok duration_ms=1
level=info msg=mcp.request protocol=jsonrpc method=tools/call tool=trace_path status=ok duration_ms=0
level=info msg=mcp.request protocol=jsonrpc method=tools/call tool=search_graph status=ok duration_ms=1
level=info msg=mcp.request protocol=jsonrpc method=tools/call tool=trace_path status=ok duration_ms=0
level=info msg=mcp.request protocol=jsonrpc method=tools/call tool=search_graph status=ok duration_ms=0
level=info msg=mcp.request protocol=jsonrpc method=tools/call tool=trace_path status=ok duration_ms=1
level=info msg=mcp.request protocol=jsonrpc method=tools/call tool=search_graph status=ok duration_ms=1
level=info msg=mcp.request protocol=jsonrpc method=tools/call tool=trace_path status=ok duration_ms=1
level=info msg=mcp.request protocol=jsonrpc method=tools/call tool=search_graph status=ok duration_ms=0
level=info msg=mcp.request protocol=jsonrpc method=tools/call tool=trace_path status=ok duration_ms=1
level=info msg=mcp.request protocol=jsonrpc method=tools/call tool=search_graph status=ok duration_ms=0
level=info msg=mcp.request protocol=jsonrpc method=tools/call tool=trace_path status=ok duration_ms=1
level=info msg=mcp.request protocol=jsonrpc method=tools/call tool=search_graph status=ok duration_ms=1
level=info msg=mcp.request protocol=jsonrpc method=tools/call tool=trace_path status=ok duration_ms=0
level=info msg=mcp.request protocol=jsonrpc method=tools/call tool=search_graph status=ok duration_ms=1
level=info msg=mcp.request protocol=jsonrpc method=tools/call tool=trace_path status=ok duration_ms=1
level=info msg=mcp.request protocol=jsonrpc method=tools/call tool=search_graph status=ok duration_ms=1
level=info msg=mcp.request protocol=jsonrpc method=tools/call tool=trace_path status=ok duration_ms=0
level=info msg=mcp.request protocol=jsonrpc method=tools/call tool=search_graph status=ok duration_ms=1
level=info msg=mcp.request protocol=jsonrpc method=tools/call tool=trace_path status=ok duration_ms=1
level=info msg=mcp.request protocol=jsonrpc method=tools/call tool=search_graph status=ok duration_ms=1
level=info msg=mcp.request protocol=jsonrpc method=tools/call tool=trace_path status=ok duration_ms=1
level=info msg=mcp.request protocol=jsonrpc method=tools/call tool=search_graph status=ok duration_ms=0
level=info msg=mcp.request protocol=jsonrpc method=tools/call tool=trace_path status=ok duration_ms=0
level=info msg=mcp.request protocol=jsonrpc method=tools/call tool=search_graph status=ok duration_ms=0
level=info msg=mcp.request protocol=jsonrpc method=tools/call tool=trace_path status=ok duration_ms=0
level=info msg=mcp.request protocol=jsonrpc method=tools/call tool=search_graph status=ok duration_ms=0
level=info msg=mcp.request protocol=jsonrpc method=tools/call tool=trace_path status=ok duration_ms=0
level=info msg=mcp.request protocol=jsonrpc method=tools/call tool=search_graph status=ok duration_ms=0
level=info msg=mcp.request protocol=jsonrpc method=tools/call tool=trace_path status=ok duration_ms=0
level=info msg=mcp.request protocol=jsonrpc method=tools/call tool=search_graph status=ok duration_ms=1
level=info msg=mcp.request protocol=jsonrpc method=tools/call tool=trace_path status=ok duration_ms=1
level=info msg=mcp.request protocol=jsonrpc method=tools/call tool=search_graph status=ok duration_ms=1
level=info msg=mcp.request protocol=jsonrpc method=tools/call tool=trace_path status=ok duration_ms=1
level=info msg=mcp.request protocol=jsonrpc method=tools/call tool=search_graph status=ok duration_ms=1
level=info msg=mcp.request protocol=jsonrpc method=tools/call tool=trace_path status=ok duration_ms=1
level=info msg=mcp.request protocol=jsonrpc method=tools/call tool=search_graph status=ok duration_ms=1
level=info msg=mcp.request protocol=jsonrpc method=tools/call tool=trace_path status=ok duration_ms=1
level=info msg=mcp.request protocol=jsonrpc method=tools/call tool=search_graph status=ok duration_ms=1
level=info msg=mcp.request protocol=jsonrpc method=tools/call tool=trace_path status=ok duration_ms=1
level=info msg=mcp.request protocol=jsonrpc method=tools/call tool=search_graph status=ok duration_ms=1
level=info msg=mcp.request protocol=jsonrpc method=tools/call tool=trace_path status=ok duration_ms=1
level=info msg=mcp.request protocol=jsonrpc method=tools/call tool=search_graph status=ok duration_ms=0
level=info msg=mcp.request protocol=jsonrpc method=tools/call tool=trace_path status=ok duration_ms=1
level=info msg=mcp.request protocol=jsonrpc method=tools/call tool=search_graph status=ok duration_ms=0
level=info msg=mcp.request protocol=jsonrpc method=tools/call tool=trace_path status=ok duration_ms=0
level=info msg=mcp.request protocol=jsonrpc method=tools/call tool=search_graph status=ok duration_ms=0
level=info msg=mcp.request protocol=jsonrpc method=tools/call tool=trace_path status=ok duration_ms=0
level=info msg=daemon.connection_end received=-1 frame_type=none
level=info msg=daemon.runtime_stopping reason=last_committed_client_disconnected
level=warn msg=mcp.request protocol=jsonrpc method=tools/call tool=index_repository status=error duration_ms=98
level=info msg=daemon.lifetime_end reason=runtime_exited
level=info msg=index.supervisor.reap outcome=killed exit_code=-1 signal=15
level=warn msg=index.supervisor.worker_cancelled outcome=killed log=/tmp/cbm-soak-cache.E2YvvI/logs/.worker-log-j0KbwV
level=info msg=watcher.stop
level=info msg=daemon.stop
level=warn msg=mem.allocator.not_owned owned_classes=0/6 unowned_bytes=64,4096,65536,262144,1048576,8388608 detail=allocations_in_these_size_classes_are_not_allocator-owned:_purge_and_reclaim_options_do_not_apply_to_them_and_freed_pages_stay_committed
level=info msg=mem.init budget_mb=3486 total_ram_mb=13945 source=ram_fraction
level=warn msg=store.pagecache.config_failed rc=misuse detail=shared_SQLite_page-cache_slab_was_refused_(SQLite_already_initialised?);_page_cache_will_be_served_from_the_general_allocator_and_may_fragment
level=info msg=watcher.start interval_ms=multi-sec
{"level":"control","event":"diagnostics.start","snapshot":"/tmp/cbm-diagnostics-17144-jw1VCU/snapshot.json","trajectory":"/tmp/cbm-diagnostics-17144-jw1VCU/trajectory.ndjson","interval_s":"5"}
level=info msg=daemon.start version=dev pid=17144 cache_fingerprint=d94dd14116b0907f66341528545059a59bd982b5f9dec44db61401029d4a602d memory_budget_bytes=3655720960 physical_job_limit=4 worker_memory_budget_bytes=913930240
level=info msg=mcp.request protocol=jsonrpc method=initialize status=ok duration_ms=0
level=info msg=update.available current=dev latest=v0.9.0
level=info msg=index.supervisor.reap outcome=clean exit_code=0 signal=0
level=info msg=mcp.request protocol=jsonrpc method=tools/call tool=index_repository status=ok duration_ms=1575
level=info msg=daemon.runtime_stopping reason=last_committed_client_disconnected
level=info msg=daemon.lifetime_end reason=runtime_exited
level=info msg=watcher.stop
level=info msg=daemon.stop
