level=warn msg=mem.allocator.not_owned owned_classes=0/6 unowned_bytes=64,4096,65536,262144,1048576,8388608 detail=allocations_in_these_size_classes_are_not_allocator-owned:_purge_and_reclaim_options_do_not_apply_to_them_and_freed_pages_stay_committed
level=info msg=mem.init budget_mb=24576 total_ram_mb=49152 source=ram_fraction
level=warn msg=store.pagecache.config_failed rc=misuse detail=shared_SQLite_page-cache_slab_was_refused_(SQLite_already_initialised?);_page_cache_will_be_served_from_the_general_allocator_and_may_fragment
level=info msg=watcher.start interval_ms=multi-sec
{"level":"control","event":"diagnostics.start","snapshot":"/var/folders/sv/1jf3fdg17yq7y8t4hj9vf6240000gn/T//cbm-diagnostics-45911-zYy49R/snapshot.json","trajectory":"/var/folders/sv/1jf3fdg17yq7y8t4hj9vf6240000gn/T//cbm-diagnostics-45911-zYy49R/trajectory.ndjson","interval_s":"5"}
level=info msg=daemon.start version=dev pid=45911 cache_fingerprint=40177aef69223cefe386cd27ea9a35b0218e3cb342f7062908df72583766706a memory_budget_bytes=25769803776 physical_job_limit=4 worker_memory_budget_bytes=6442450944
level=info msg=mcp.request protocol=jsonrpc method=initialize status=ok duration_ms=0
level=info msg=update.available current=dev latest=v0.9.0
level=info msg=index.supervisor.reap outcome=clean exit_code=0 signal=0
level=info msg=mcp.request protocol=jsonrpc method=tools/call tool=index_repository status=ok duration_ms=1389
level=info msg=mcp.request protocol=jsonrpc method=tools/call tool=search_graph status=ok duration_ms=2
level=info msg=mcp.request protocol=jsonrpc method=tools/call tool=trace_path status=ok duration_ms=1
level=info msg=index.supervisor.reap outcome=clean exit_code=0 signal=0
level=info msg=mcp.request protocol=jsonrpc method=tools/call tool=index_repository status=ok duration_ms=1399
level=info msg=mcp.request protocol=jsonrpc method=tools/call tool=search_graph status=ok duration_ms=0
level=info msg=mcp.request protocol=jsonrpc method=tools/call tool=trace_path status=ok duration_ms=0
level=info msg=mcp.request protocol=jsonrpc method=tools/call tool=search_graph status=ok duration_ms=0
level=info msg=mcp.request protocol=jsonrpc method=tools/call tool=trace_path status=ok duration_ms=0
level=info msg=mcp.request protocol=jsonrpc method=tools/call tool=search_graph status=ok duration_ms=0
level=info msg=mcp.request protocol=jsonrpc method=tools/call tool=trace_path status=ok duration_ms=0
level=info msg=mcp.request protocol=jsonrpc method=tools/call tool=search_graph status=ok duration_ms=0
level=info msg=mcp.request protocol=jsonrpc method=tools/call tool=trace_path status=ok duration_ms=0
level=info msg=mcp.request protocol=jsonrpc method=tools/call tool=search_graph status=ok duration_ms=0
level=info msg=mcp.request protocol=jsonrpc method=tools/call tool=trace_path status=ok duration_ms=0
level=info msg=mcp.request protocol=jsonrpc method=tools/call tool=search_graph status=ok duration_ms=0
level=info msg=mcp.request protocol=jsonrpc method=tools/call tool=trace_path status=ok duration_ms=0
level=info msg=mcp.request protocol=jsonrpc method=tools/call tool=search_graph status=ok duration_ms=0
level=info msg=mcp.request protocol=jsonrpc method=tools/call tool=trace_path status=ok duration_ms=0
level=info msg=mcp.request protocol=jsonrpc method=tools/call tool=search_graph status=ok duration_ms=0
level=info msg=mcp.request protocol=jsonrpc method=tools/call tool=trace_path status=ok duration_ms=0
level=info msg=mcp.request protocol=jsonrpc method=tools/call tool=search_graph status=ok duration_ms=0
level=info msg=mcp.request protocol=jsonrpc method=tools/call tool=trace_path status=ok duration_ms=0
level=info msg=mcp.request protocol=jsonrpc method=tools/call tool=search_graph status=ok duration_ms=0
level=info msg=mcp.request protocol=jsonrpc method=tools/call tool=trace_path status=ok duration_ms=0
level=info msg=mcp.request protocol=jsonrpc method=tools/call tool=search_graph status=ok duration_ms=0
level=info msg=mcp.request protocol=jsonrpc method=tools/call tool=trace_path status=ok duration_ms=0
level=info msg=mcp.request protocol=jsonrpc method=tools/call tool=search_graph status=ok duration_ms=0
level=info msg=mcp.request protocol=jsonrpc method=tools/call tool=trace_path status=ok duration_ms=0
level=info msg=mcp.request protocol=jsonrpc method=tools/call tool=search_graph status=ok duration_ms=0
level=info msg=mcp.request protocol=jsonrpc method=tools/call tool=trace_path status=ok duration_ms=0
level=info msg=mcp.request protocol=jsonrpc method=tools/call tool=search_graph status=ok duration_ms=0
level=info msg=mcp.request protocol=jsonrpc method=tools/call tool=trace_path status=ok duration_ms=0
level=info msg=mcp.request protocol=jsonrpc method=tools/call tool=search_graph status=ok duration_ms=0
level=info msg=mcp.request protocol=jsonrpc method=tools/call tool=trace_path status=ok duration_ms=0
level=info msg=mcp.request protocol=jsonrpc method=tools/call tool=search_graph status=ok duration_ms=0
level=info msg=mcp.request protocol=jsonrpc method=tools/call tool=trace_path status=ok duration_ms=0
level=info msg=mcp.request protocol=jsonrpc method=tools/call tool=search_graph status=ok duration_ms=0
level=info msg=mcp.request protocol=jsonrpc method=tools/call tool=trace_path status=ok duration_ms=0
level=info msg=mcp.request protocol=jsonrpc method=tools/call tool=search_graph status=ok duration_ms=0
level=info msg=mcp.request protocol=jsonrpc method=tools/call tool=trace_path status=ok duration_ms=0
level=info msg=mcp.request protocol=jsonrpc method=tools/call tool=search_graph status=ok duration_ms=0
level=info msg=mcp.request protocol=jsonrpc method=tools/call tool=trace_path status=ok duration_ms=0
level=info msg=mcp.request protocol=jsonrpc method=tools/call tool=search_graph status=ok duration_ms=0
level=info msg=mcp.request protocol=jsonrpc method=tools/call tool=trace_path status=ok duration_ms=0
level=info msg=mcp.request protocol=jsonrpc method=tools/call tool=search_graph status=ok duration_ms=0
level=info msg=mcp.request protocol=jsonrpc method=tools/call tool=trace_path status=ok duration_ms=0
level=info msg=mcp.request protocol=jsonrpc method=tools/call tool=search_graph status=ok duration_ms=0
level=info msg=mcp.request protocol=jsonrpc method=tools/call tool=trace_path status=ok duration_ms=0
level=info msg=mcp.request protocol=jsonrpc method=tools/call tool=search_graph status=ok duration_ms=0
level=info msg=mcp.request protocol=jsonrpc method=tools/call tool=trace_path status=ok duration_ms=0
level=info msg=mcp.request protocol=jsonrpc method=tools/call tool=search_graph status=ok duration_ms=0
level=info msg=mcp.request protocol=jsonrpc method=tools/call tool=trace_path status=ok duration_ms=0
level=info msg=mcp.request protocol=jsonrpc method=tools/call tool=search_graph status=ok duration_ms=0
level=info msg=mcp.request protocol=jsonrpc method=tools/call tool=trace_path status=ok duration_ms=0
level=info msg=mcp.request protocol=jsonrpc method=tools/call tool=search_graph status=ok duration_ms=0
level=info msg=mcp.request protocol=jsonrpc method=tools/call tool=trace_path status=ok duration_ms=0
level=info msg=mcp.request protocol=jsonrpc method=tools/call tool=search_graph status=ok duration_ms=0
level=info msg=mcp.request protocol=jsonrpc method=tools/call tool=trace_path status=ok duration_ms=0
level=info msg=mcp.request protocol=jsonrpc method=tools/call tool=search_graph status=ok duration_ms=0
level=info msg=mcp.request protocol=jsonrpc method=tools/call tool=trace_path status=ok duration_ms=0
level=info msg=mcp.request protocol=jsonrpc method=tools/call tool=search_graph status=ok duration_ms=0
level=info msg=mcp.request protocol=jsonrpc method=tools/call tool=trace_path status=ok duration_ms=0
level=info msg=mcp.request protocol=jsonrpc method=tools/call tool=search_graph status=ok duration_ms=0
level=info msg=mcp.request protocol=jsonrpc method=tools/call tool=trace_path status=ok duration_ms=0
level=info msg=mcp.request protocol=jsonrpc method=tools/call tool=search_graph status=ok duration_ms=0
level=info msg=mcp.request protocol=jsonrpc method=tools/call tool=trace_path status=ok duration_ms=0
level=info msg=mcp.request protocol=jsonrpc method=tools/call tool=search_graph status=ok duration_ms=0
level=info msg=mcp.request protocol=jsonrpc method=tools/call tool=trace_path status=ok duration_ms=0
level=info msg=mcp.request protocol=jsonrpc method=tools/call tool=search_graph status=ok duration_ms=0
level=info msg=mcp.request protocol=jsonrpc method=tools/call tool=trace_path status=ok duration_ms=0
level=info msg=mcp.request protocol=jsonrpc method=tools/call tool=search_graph status=ok duration_ms=0
level=info msg=mcp.request protocol=jsonrpc method=tools/call tool=trace_path status=ok duration_ms=0
level=info msg=mcp.request protocol=jsonrpc method=tools/call tool=search_graph status=ok duration_ms=0
level=info msg=mcp.request protocol=jsonrpc method=tools/call tool=trace_path status=ok duration_ms=0
level=info msg=mcp.request protocol=jsonrpc method=tools/call tool=search_graph status=ok duration_ms=0
level=info msg=mcp.request protocol=jsonrpc method=tools/call tool=trace_path status=ok duration_ms=0
level=info msg=mcp.request protocol=jsonrpc method=tools/call tool=search_graph status=ok duration_ms=0
level=info msg=mcp.request protocol=jsonrpc method=tools/call tool=trace_path status=ok duration_ms=0
level=info msg=mcp.request protocol=jsonrpc method=tools/call tool=search_graph status=ok duration_ms=0
level=info msg=mcp.request protocol=jsonrpc method=tools/call tool=trace_path status=ok duration_ms=0
level=info msg=mcp.request protocol=jsonrpc method=tools/call tool=search_graph status=ok duration_ms=0
level=info msg=mcp.request protocol=jsonrpc method=tools/call tool=trace_path status=ok duration_ms=0
level=info msg=mcp.request protocol=jsonrpc method=tools/call tool=search_graph status=ok duration_ms=0
level=info msg=mcp.request protocol=jsonrpc method=tools/call tool=trace_path status=ok duration_ms=0
level=info msg=mcp.request protocol=jsonrpc method=tools/call tool=search_graph status=ok duration_ms=0
level=info msg=mcp.request protocol=jsonrpc method=tools/call tool=trace_path status=ok duration_ms=0
level=info msg=mcp.request protocol=jsonrpc method=tools/call tool=search_graph status=ok duration_ms=0
level=info msg=mcp.request protocol=jsonrpc method=tools/call tool=trace_path status=ok duration_ms=0
level=info msg=mcp.request protocol=jsonrpc method=tools/call tool=search_graph status=ok duration_ms=0
level=info msg=mcp.request protocol=jsonrpc method=tools/call tool=trace_path status=ok duration_ms=0
level=info msg=mcp.request protocol=jsonrpc method=tools/call tool=search_graph status=ok duration_ms=0
level=info msg=mcp.request protocol=jsonrpc method=tools/call tool=trace_path status=ok duration_ms=0
level=info msg=mcp.request protocol=jsonrpc method=tools/call tool=search_graph status=ok duration_ms=0
level=info msg=mcp.request protocol=jsonrpc method=tools/call tool=trace_path status=ok duration_ms=0
level=info msg=mcp.request protocol=jsonrpc method=tools/call tool=search_graph status=ok duration_ms=0
level=info msg=mcp.request protocol=jsonrpc method=tools/call tool=trace_path status=ok duration_ms=0
level=info msg=mcp.request protocol=jsonrpc method=tools/call tool=search_graph status=ok duration_ms=0
level=info msg=mcp.request protocol=jsonrpc method=tools/call tool=trace_path status=ok duration_ms=0
level=info msg=mcp.request protocol=jsonrpc method=tools/call tool=search_graph status=ok duration_ms=0
level=info msg=mcp.request protocol=jsonrpc method=tools/call tool=trace_path status=ok duration_ms=0
level=info msg=mcp.request protocol=jsonrpc method=tools/call tool=search_graph status=ok duration_ms=0
level=info msg=mcp.request protocol=jsonrpc method=tools/call tool=trace_path status=ok duration_ms=0
level=info msg=mcp.request protocol=jsonrpc method=tools/call tool=search_graph status=ok duration_ms=0
level=info msg=mcp.request protocol=jsonrpc method=tools/call tool=trace_path status=ok duration_ms=0
level=info msg=mcp.request protocol=jsonrpc method=tools/call tool=search_graph status=ok duration_ms=0
level=info msg=mcp.request protocol=jsonrpc method=tools/call tool=trace_path status=ok duration_ms=0
level=info msg=mcp.request protocol=jsonrpc method=tools/call tool=search_graph status=ok duration_ms=0
level=info msg=mcp.request protocol=jsonrpc method=tools/call tool=trace_path status=ok duration_ms=0
level=info msg=mcp.request protocol=jsonrpc method=tools/call tool=search_graph status=ok duration_ms=0
level=info msg=mcp.request protocol=jsonrpc method=tools/call tool=trace_path status=ok duration_ms=0
level=info msg=mcp.request protocol=jsonrpc method=tools/call tool=search_graph status=ok duration_ms=0
level=info msg=mcp.request protocol=jsonrpc method=tools/call tool=trace_path status=ok duration_ms=0
level=info msg=mcp.request protocol=jsonrpc method=tools/call tool=search_graph status=ok duration_ms=0
level=info msg=mcp.request protocol=jsonrpc method=tools/call tool=trace_path status=ok duration_ms=0
level=info msg=mcp.request protocol=jsonrpc method=tools/call tool=search_graph status=ok duration_ms=0
level=info msg=mcp.request protocol=jsonrpc method=tools/call tool=trace_path status=ok duration_ms=0
level=info msg=index.supervisor.reap outcome=clean exit_code=0 signal=0
level=info msg=mcp.request protocol=jsonrpc method=tools/call tool=index_repository status=ok duration_ms=1306
level=info msg=mcp.request protocol=jsonrpc method=tools/call tool=search_graph status=ok duration_ms=0
level=info msg=mcp.request protocol=jsonrpc method=tools/call tool=trace_path status=ok duration_ms=0
level=info msg=mcp.request protocol=jsonrpc method=tools/call tool=search_graph status=ok duration_ms=0
level=info msg=mcp.request protocol=jsonrpc method=tools/call tool=trace_path status=ok duration_ms=0
level=info msg=mcp.request protocol=jsonrpc method=tools/call tool=search_graph status=ok duration_ms=0
level=info msg=mcp.request protocol=jsonrpc method=tools/call tool=trace_path status=ok duration_ms=0
level=info msg=mcp.request protocol=jsonrpc method=tools/call tool=search_graph status=ok duration_ms=0
level=info msg=mcp.request protocol=jsonrpc method=tools/call tool=trace_path status=ok duration_ms=0
level=info msg=mcp.request protocol=jsonrpc method=tools/call tool=search_graph status=ok duration_ms=0
level=info msg=mcp.request protocol=jsonrpc method=tools/call tool=trace_path status=ok duration_ms=0
level=info msg=mcp.request protocol=jsonrpc method=tools/call tool=search_graph status=ok duration_ms=0
level=info msg=mcp.request protocol=jsonrpc method=tools/call tool=trace_path status=ok duration_ms=0
level=info msg=mcp.request protocol=jsonrpc method=tools/call tool=search_graph status=ok duration_ms=0
level=info msg=mcp.request protocol=jsonrpc method=tools/call tool=trace_path status=ok duration_ms=0
level=info msg=mcp.request protocol=jsonrpc method=tools/call tool=search_graph status=ok duration_ms=0
level=info msg=mcp.request protocol=jsonrpc method=tools/call tool=trace_path status=ok duration_ms=0
level=info msg=mcp.request protocol=jsonrpc method=tools/call tool=search_graph status=ok duration_ms=0
level=info msg=mcp.request protocol=jsonrpc method=tools/call tool=trace_path status=ok duration_ms=0
level=info msg=mcp.request protocol=jsonrpc method=tools/call tool=search_graph status=ok duration_ms=0
level=info msg=mcp.request protocol=jsonrpc method=tools/call tool=trace_path status=ok duration_ms=0
level=info msg=mcp.request protocol=jsonrpc method=tools/call tool=search_graph status=ok duration_ms=0
level=info msg=mcp.request protocol=jsonrpc method=tools/call tool=trace_path status=ok duration_ms=0
level=info msg=mcp.request protocol=jsonrpc method=tools/call tool=search_graph status=ok duration_ms=0
level=info msg=mcp.request protocol=jsonrpc method=tools/call tool=trace_path status=ok duration_ms=0
level=info msg=mcp.request protocol=jsonrpc method=tools/call tool=search_graph status=ok duration_ms=0
level=info msg=mcp.request protocol=jsonrpc method=tools/call tool=trace_path status=ok duration_ms=0
level=info msg=mcp.request protocol=jsonrpc method=tools/call tool=search_graph status=ok duration_ms=0
level=info msg=mcp.request protocol=jsonrpc method=tools/call tool=trace_path status=ok duration_ms=0
level=info msg=mcp.request protocol=jsonrpc method=tools/call tool=search_graph status=ok duration_ms=0
level=info msg=mcp.request protocol=jsonrpc method=tools/call tool=trace_path status=ok duration_ms=0
level=info msg=mcp.request protocol=jsonrpc method=tools/call tool=search_graph status=ok duration_ms=0
level=info msg=mcp.request protocol=jsonrpc method=tools/call tool=trace_path status=ok duration_ms=0
level=info msg=mcp.request protocol=jsonrpc method=tools/call tool=search_graph status=ok duration_ms=0
level=info msg=mcp.request protocol=jsonrpc method=tools/call tool=trace_path status=ok duration_ms=0
level=info msg=mcp.request protocol=jsonrpc method=tools/call tool=search_graph status=ok duration_ms=0
level=info msg=mcp.request protocol=jsonrpc method=tools/call tool=trace_path status=ok duration_ms=0
level=info msg=mcp.request protocol=jsonrpc method=tools/call tool=search_graph status=ok duration_ms=0
level=info msg=mcp.request protocol=jsonrpc method=tools/call tool=trace_path status=ok duration_ms=0
level=info msg=mcp.request protocol=jsonrpc method=tools/call tool=search_graph status=ok duration_ms=0
level=info msg=mcp.request protocol=jsonrpc method=tools/call tool=trace_path status=ok duration_ms=0
level=info msg=mcp.request protocol=jsonrpc method=tools/call tool=search_graph status=ok duration_ms=0
level=info msg=mcp.request protocol=jsonrpc method=tools/call tool=trace_path status=ok duration_ms=0
level=info msg=mcp.request protocol=jsonrpc method=tools/call tool=search_graph status=ok duration_ms=0
level=info msg=mcp.request protocol=jsonrpc method=tools/call tool=trace_path status=ok duration_ms=0
level=info msg=mcp.request protocol=jsonrpc method=tools/call tool=search_graph status=ok duration_ms=0
level=info msg=mcp.request protocol=jsonrpc method=tools/call tool=trace_path status=ok duration_ms=0
level=info msg=mcp.request protocol=jsonrpc method=tools/call tool=search_graph status=ok duration_ms=0
level=info msg=mcp.request protocol=jsonrpc method=tools/call tool=trace_path status=ok duration_ms=0
level=info msg=mcp.request protocol=jsonrpc method=tools/call tool=search_graph status=ok duration_ms=0
level=info msg=mcp.request protocol=jsonrpc method=tools/call tool=trace_path status=ok duration_ms=0
level=info msg=mcp.request protocol=jsonrpc method=tools/call tool=search_graph status=ok duration_ms=0
level=info msg=mcp.request protocol=jsonrpc method=tools/call tool=trace_path status=ok duration_ms=0
level=info msg=mcp.request protocol=jsonrpc method=tools/call tool=search_graph status=ok duration_ms=0
level=info msg=mcp.request protocol=jsonrpc method=tools/call tool=trace_path status=ok duration_ms=0
level=info msg=mcp.request protocol=jsonrpc method=tools/call tool=search_graph status=ok duration_ms=0
level=info msg=mcp.request protocol=jsonrpc method=tools/call tool=trace_path status=ok duration_ms=0
level=info msg=mcp.request protocol=jsonrpc method=tools/call tool=search_graph status=ok duration_ms=0
level=info msg=mcp.request protocol=jsonrpc method=tools/call tool=trace_path status=ok duration_ms=0
level=info msg=mcp.request protocol=jsonrpc method=tools/call tool=search_graph status=ok duration_ms=0
level=info msg=mcp.request protocol=jsonrpc method=tools/call tool=trace_path status=ok duration_ms=0
level=info msg=mcp.request protocol=jsonrpc method=tools/call tool=search_graph status=ok duration_ms=0
level=info msg=mcp.request protocol=jsonrpc method=tools/call tool=trace_path status=ok duration_ms=0
level=info msg=mcp.request protocol=jsonrpc method=tools/call tool=search_graph status=ok duration_ms=0
level=info msg=mcp.request protocol=jsonrpc method=tools/call tool=trace_path status=ok duration_ms=0
level=info msg=mcp.request protocol=jsonrpc method=tools/call tool=search_graph status=ok duration_ms=0
level=info msg=mcp.request protocol=jsonrpc method=tools/call tool=trace_path status=ok duration_ms=0
level=info msg=mcp.request protocol=jsonrpc method=tools/call tool=search_graph status=ok duration_ms=0
level=info msg=mcp.request protocol=jsonrpc method=tools/call tool=trace_path status=ok duration_ms=0
level=info msg=mcp.request protocol=jsonrpc method=tools/call tool=search_graph status=ok duration_ms=0
level=info msg=mcp.request protocol=jsonrpc method=tools/call tool=trace_path status=ok duration_ms=0
level=info msg=mcp.request protocol=jsonrpc method=tools/call tool=search_graph status=ok duration_ms=0
level=info msg=mcp.request protocol=jsonrpc method=tools/call tool=trace_path status=ok duration_ms=0
level=info msg=mcp.request protocol=jsonrpc method=tools/call tool=search_graph status=ok duration_ms=0
level=info msg=mcp.request protocol=jsonrpc method=tools/call tool=trace_path status=ok duration_ms=0
level=info msg=mcp.request protocol=jsonrpc method=tools/call tool=search_graph status=ok duration_ms=0
level=info msg=mcp.request protocol=jsonrpc method=tools/call tool=trace_path status=ok duration_ms=0
level=info msg=mcp.request protocol=jsonrpc method=tools/call tool=search_graph status=ok duration_ms=0
level=info msg=mcp.request protocol=jsonrpc method=tools/call tool=trace_path status=ok duration_ms=0
level=info msg=mcp.request protocol=jsonrpc method=tools/call tool=search_graph status=ok duration_ms=0
level=info msg=mcp.request protocol=jsonrpc method=tools/call tool=trace_path status=ok duration_ms=0
level=info msg=mcp.request protocol=jsonrpc method=tools/call tool=search_graph status=ok duration_ms=0
level=info msg=mcp.request protocol=jsonrpc method=tools/call tool=trace_path status=ok duration_ms=0
level=info msg=mcp.request protocol=jsonrpc method=tools/call tool=search_graph status=ok duration_ms=0
level=info msg=mcp.request protocol=jsonrpc method=tools/call tool=trace_path status=ok duration_ms=0
level=info msg=mcp.request protocol=jsonrpc method=tools/call tool=search_graph status=ok duration_ms=0
level=info msg=mcp.request protocol=jsonrpc method=tools/call tool=trace_path status=ok duration_ms=0
level=info msg=mcp.request protocol=jsonrpc method=tools/call tool=search_graph status=ok duration_ms=0
level=info msg=mcp.request protocol=jsonrpc method=tools/call tool=trace_path status=ok duration_ms=0
level=info msg=mcp.request protocol=jsonrpc method=tools/call tool=search_graph status=ok duration_ms=0
level=info msg=mcp.request protocol=jsonrpc method=tools/call tool=trace_path status=ok duration_ms=0
level=info msg=mcp.request protocol=jsonrpc method=tools/call tool=search_graph status=ok duration_ms=0
level=info msg=mcp.request protocol=jsonrpc method=tools/call tool=trace_path status=ok duration_ms=0
level=info msg=mcp.request protocol=jsonrpc method=tools/call tool=search_graph status=ok duration_ms=0
level=info msg=mcp.request protocol=jsonrpc method=tools/call tool=trace_path status=ok duration_ms=0
level=info msg=mcp.request protocol=jsonrpc method=tools/call tool=search_graph status=ok duration_ms=0
level=info msg=mcp.request protocol=jsonrpc method=tools/call tool=trace_path status=ok duration_ms=0
level=info msg=mcp.request protocol=jsonrpc method=tools/call tool=search_graph status=ok duration_ms=0
level=info msg=mcp.request protocol=jsonrpc method=tools/call tool=trace_path status=ok duration_ms=0
level=info msg=mcp.request protocol=jsonrpc method=tools/call tool=search_graph status=ok duration_ms=0
level=info msg=mcp.request protocol=jsonrpc method=tools/call tool=trace_path status=ok duration_ms=0
level=info msg=mcp.request protocol=jsonrpc method=tools/call tool=search_graph status=ok duration_ms=0
level=info msg=mcp.request protocol=jsonrpc method=tools/call tool=trace_path status=ok duration_ms=0
level=info msg=mcp.request protocol=jsonrpc method=tools/call tool=search_graph status=ok duration_ms=0
level=info msg=mcp.request protocol=jsonrpc method=tools/call tool=trace_path status=ok duration_ms=0
level=info msg=mcp.request protocol=jsonrpc method=tools/call tool=search_graph status=ok duration_ms=0
level=info msg=mcp.request protocol=jsonrpc method=tools/call tool=trace_path status=ok duration_ms=0
level=info msg=mcp.request protocol=jsonrpc method=tools/call tool=search_graph status=ok duration_ms=0
level=info msg=mcp.request protocol=jsonrpc method=tools/call tool=trace_path status=ok duration_ms=0
level=info msg=mcp.request protocol=jsonrpc method=tools/call tool=search_graph status=ok duration_ms=0
level=info msg=mcp.request protocol=jsonrpc method=tools/call tool=trace_path status=ok duration_ms=0
level=info msg=index.supervisor.reap outcome=clean exit_code=0 signal=0
level=info msg=mcp.request protocol=jsonrpc method=tools/call tool=index_repository status=ok duration_ms=1321
level=info msg=mcp.request protocol=jsonrpc method=tools/call tool=search_graph status=ok duration_ms=0
level=info msg=mcp.request protocol=jsonrpc method=tools/call tool=trace_path status=ok duration_ms=0
level=info msg=mcp.request protocol=jsonrpc method=tools/call tool=search_graph status=ok duration_ms=0
level=info msg=mcp.request protocol=jsonrpc method=tools/call tool=trace_path status=ok duration_ms=0
level=info msg=mcp.request protocol=jsonrpc method=tools/call tool=search_graph status=ok duration_ms=0
level=info msg=mcp.request protocol=jsonrpc method=tools/call tool=trace_path status=ok duration_ms=0
level=info msg=mcp.request protocol=jsonrpc method=tools/call tool=search_graph status=ok duration_ms=0
level=info msg=mcp.request protocol=jsonrpc method=tools/call tool=trace_path status=ok duration_ms=0
level=info msg=mcp.request protocol=jsonrpc method=tools/call tool=search_graph status=ok duration_ms=0
level=info msg=mcp.request protocol=jsonrpc method=tools/call tool=trace_path status=ok duration_ms=0
level=info msg=mcp.request protocol=jsonrpc method=tools/call tool=search_graph status=ok duration_ms=0
level=info msg=mcp.request protocol=jsonrpc method=tools/call tool=trace_path status=ok duration_ms=0
level=info msg=mcp.request protocol=jsonrpc method=tools/call tool=search_graph status=ok duration_ms=0
level=info msg=mcp.request protocol=jsonrpc method=tools/call tool=trace_path status=ok duration_ms=0
level=info msg=mcp.request protocol=jsonrpc method=tools/call tool=search_graph status=ok duration_ms=0
level=info msg=mcp.request protocol=jsonrpc method=tools/call tool=trace_path status=ok duration_ms=0
level=info msg=mcp.request protocol=jsonrpc method=tools/call tool=search_graph status=ok duration_ms=0
level=info msg=mcp.request protocol=jsonrpc method=tools/call tool=trace_path status=ok duration_ms=0
level=info msg=mcp.request protocol=jsonrpc method=tools/call tool=search_graph status=ok duration_ms=0
level=info msg=mcp.request protocol=jsonrpc method=tools/call tool=trace_path status=ok duration_ms=0
level=info msg=mcp.request protocol=jsonrpc method=tools/call tool=search_graph status=ok duration_ms=0
level=info msg=mcp.request protocol=jsonrpc method=tools/call tool=trace_path status=ok duration_ms=0
level=info msg=mcp.request protocol=jsonrpc method=tools/call tool=search_graph status=ok duration_ms=0
level=info msg=mcp.request protocol=jsonrpc method=tools/call tool=trace_path status=ok duration_ms=0
level=info msg=mcp.request protocol=jsonrpc method=tools/call tool=search_graph status=ok duration_ms=0
level=info msg=mcp.request protocol=jsonrpc method=tools/call tool=trace_path status=ok duration_ms=0
level=info msg=mcp.request protocol=jsonrpc method=tools/call tool=search_graph status=ok duration_ms=0
level=info msg=mcp.request protocol=jsonrpc method=tools/call tool=trace_path status=ok duration_ms=0
level=info msg=mcp.request protocol=jsonrpc method=tools/call tool=search_graph status=ok duration_ms=0
level=info msg=mcp.request protocol=jsonrpc method=tools/call tool=trace_path status=ok duration_ms=0
level=info msg=mcp.request protocol=jsonrpc method=tools/call tool=search_graph status=ok duration_ms=0
level=info msg=mcp.request protocol=jsonrpc method=tools/call tool=trace_path status=ok duration_ms=0
level=info msg=mcp.request protocol=jsonrpc method=tools/call tool=search_graph status=ok duration_ms=0
level=info msg=mcp.request protocol=jsonrpc method=tools/call tool=trace_path status=ok duration_ms=0
level=info msg=mcp.request protocol=jsonrpc method=tools/call tool=search_graph status=ok duration_ms=0
level=info msg=mcp.request protocol=jsonrpc method=tools/call tool=trace_path status=ok duration_ms=0
level=info msg=mcp.request protocol=jsonrpc method=tools/call tool=search_graph status=ok duration_ms=0
level=info msg=mcp.request protocol=jsonrpc method=tools/call tool=trace_path status=ok duration_ms=0
level=info msg=mcp.request protocol=jsonrpc method=tools/call tool=search_graph status=ok duration_ms=0
level=info msg=mcp.request protocol=jsonrpc method=tools/call tool=trace_path status=ok duration_ms=0
level=info msg=mcp.request protocol=jsonrpc method=tools/call tool=search_graph status=ok duration_ms=0
level=info msg=mcp.request protocol=jsonrpc method=tools/call tool=trace_path status=ok duration_ms=0
level=info msg=mcp.request protocol=jsonrpc method=tools/call tool=search_graph status=ok duration_ms=0
level=info msg=mcp.request protocol=jsonrpc method=tools/call tool=trace_path status=ok duration_ms=0
level=info msg=mcp.request protocol=jsonrpc method=tools/call tool=search_graph status=ok duration_ms=1
level=info msg=mcp.request protocol=jsonrpc method=tools/call tool=trace_path status=ok duration_ms=0
level=info msg=mcp.request protocol=jsonrpc method=tools/call tool=search_graph status=ok duration_ms=0
level=info msg=mcp.request protocol=jsonrpc method=tools/call tool=trace_path status=ok duration_ms=0
level=info msg=mcp.request protocol=jsonrpc method=tools/call tool=search_graph status=ok duration_ms=0
level=info msg=mcp.request protocol=jsonrpc method=tools/call tool=trace_path status=ok duration_ms=0
level=info msg=mcp.request protocol=jsonrpc method=tools/call tool=search_graph status=ok duration_ms=0
level=info msg=mcp.request protocol=jsonrpc method=tools/call tool=trace_path status=ok duration_ms=0
level=info msg=mcp.request protocol=jsonrpc method=tools/call tool=search_graph status=ok duration_ms=0
level=info msg=mcp.request protocol=jsonrpc method=tools/call tool=trace_path status=ok duration_ms=0
level=info msg=mcp.request protocol=jsonrpc method=tools/call tool=search_graph status=ok duration_ms=0
level=info msg=mcp.request protocol=jsonrpc method=tools/call tool=trace_path status=ok duration_ms=0
level=info msg=mcp.request protocol=jsonrpc method=tools/call tool=search_graph status=ok duration_ms=0
level=info msg=mcp.request protocol=jsonrpc method=tools/call tool=trace_path status=ok duration_ms=0
level=info msg=mcp.request protocol=jsonrpc method=tools/call tool=search_graph status=ok duration_ms=0
level=info msg=mcp.request protocol=jsonrpc method=tools/call tool=trace_path status=ok duration_ms=0
level=info msg=mcp.request protocol=jsonrpc method=tools/call tool=search_graph status=ok duration_ms=0
level=info msg=mcp.request protocol=jsonrpc method=tools/call tool=trace_path status=ok duration_ms=0
level=info msg=mcp.request protocol=jsonrpc method=tools/call tool=search_graph status=ok duration_ms=0
level=info msg=mcp.request protocol=jsonrpc method=tools/call tool=trace_path status=ok duration_ms=0
level=info msg=mcp.request protocol=jsonrpc method=tools/call tool=search_graph status=ok duration_ms=0
level=info msg=mcp.request protocol=jsonrpc method=tools/call tool=trace_path status=ok duration_ms=0
level=info msg=mcp.request protocol=jsonrpc method=tools/call tool=search_graph status=ok duration_ms=0
level=info msg=mcp.request protocol=jsonrpc method=tools/call tool=trace_path status=ok duration_ms=0
level=info msg=mcp.request protocol=jsonrpc method=tools/call tool=search_graph status=ok duration_ms=0
level=info msg=mcp.request protocol=jsonrpc method=tools/call tool=trace_path status=ok duration_ms=0
level=info msg=mcp.request protocol=jsonrpc method=tools/call tool=search_graph status=ok duration_ms=0
level=info msg=mcp.request protocol=jsonrpc method=tools/call tool=trace_path status=ok duration_ms=0
level=info msg=mcp.request protocol=jsonrpc method=tools/call tool=search_graph status=ok duration_ms=0
level=info msg=mcp.request protocol=jsonrpc method=tools/call tool=trace_path status=ok duration_ms=0
level=info msg=mcp.request protocol=jsonrpc method=tools/call tool=search_graph status=ok duration_ms=0
level=info msg=mcp.request protocol=jsonrpc method=tools/call tool=trace_path status=ok duration_ms=0
level=info msg=mcp.request protocol=jsonrpc method=tools/call tool=search_graph status=ok duration_ms=0
level=info msg=mcp.request protocol=jsonrpc method=tools/call tool=trace_path status=ok duration_ms=0
level=info msg=mcp.request protocol=jsonrpc method=tools/call tool=search_graph status=ok duration_ms=0
level=info msg=mcp.request protocol=jsonrpc method=tools/call tool=trace_path status=ok duration_ms=0
level=info msg=mcp.request protocol=jsonrpc method=tools/call tool=search_graph status=ok duration_ms=0
level=info msg=mcp.request protocol=jsonrpc method=tools/call tool=trace_path status=ok duration_ms=0
level=info msg=mcp.request protocol=jsonrpc method=tools/call tool=search_graph status=ok duration_ms=0
level=info msg=mcp.request protocol=jsonrpc method=tools/call tool=trace_path status=ok duration_ms=0
level=info msg=mcp.request protocol=jsonrpc method=tools/call tool=search_graph status=ok duration_ms=0
level=info msg=mcp.request protocol=jsonrpc method=tools/call tool=trace_path status=ok duration_ms=0
level=info msg=mcp.request protocol=jsonrpc method=tools/call tool=search_graph status=ok duration_ms=0
level=info msg=mcp.request protocol=jsonrpc method=tools/call tool=trace_path status=ok duration_ms=0
level=info msg=mcp.request protocol=jsonrpc method=tools/call tool=search_graph status=ok duration_ms=0
level=info msg=mcp.request protocol=jsonrpc method=tools/call tool=trace_path status=ok duration_ms=0
level=info msg=mcp.request protocol=jsonrpc method=tools/call tool=search_graph status=ok duration_ms=0
level=info msg=mcp.request protocol=jsonrpc method=tools/call tool=trace_path status=ok duration_ms=0
level=info msg=mcp.request protocol=jsonrpc method=tools/call tool=search_graph status=ok duration_ms=0
level=info msg=mcp.request protocol=jsonrpc method=tools/call tool=trace_path status=ok duration_ms=0
level=info msg=mcp.request protocol=jsonrpc method=tools/call tool=search_graph status=ok duration_ms=0
level=info msg=mcp.request protocol=jsonrpc method=tools/call tool=trace_path status=ok duration_ms=0
level=info msg=mcp.request protocol=jsonrpc method=tools/call tool=search_graph status=ok duration_ms=0
level=info msg=mcp.request protocol=jsonrpc method=tools/call tool=trace_path status=ok duration_ms=0
level=info msg=mcp.request protocol=jsonrpc method=tools/call tool=search_graph status=ok duration_ms=0
level=info msg=mcp.request protocol=jsonrpc method=tools/call tool=trace_path status=ok duration_ms=0
level=info msg=mcp.request protocol=jsonrpc method=tools/call tool=search_graph status=ok duration_ms=0
level=info msg=mcp.request protocol=jsonrpc method=tools/call tool=trace_path status=ok duration_ms=0
level=info msg=mcp.request protocol=jsonrpc method=tools/call tool=search_graph status=ok duration_ms=0
level=info msg=mcp.request protocol=jsonrpc method=tools/call tool=trace_path status=ok duration_ms=0
level=info msg=mcp.request protocol=jsonrpc method=tools/call tool=search_graph status=ok duration_ms=0
level=info msg=mcp.request protocol=jsonrpc method=tools/call tool=trace_path status=ok duration_ms=0
level=info msg=mcp.request protocol=jsonrpc method=tools/call tool=search_graph status=ok duration_ms=0
level=info msg=mcp.request protocol=jsonrpc method=tools/call tool=trace_path status=ok duration_ms=0
level=info msg=mcp.request protocol=jsonrpc method=tools/call tool=search_graph status=ok duration_ms=0
level=info msg=mcp.request protocol=jsonrpc method=tools/call tool=trace_path status=ok duration_ms=0
level=info msg=index.supervisor.reap outcome=clean exit_code=0 signal=0
level=info msg=mcp.request protocol=jsonrpc method=tools/call tool=index_repository status=ok duration_ms=1369
level=info msg=mcp.request protocol=jsonrpc method=tools/call tool=search_graph status=ok duration_ms=0
level=info msg=mcp.request protocol=jsonrpc method=tools/call tool=trace_path status=ok duration_ms=0
level=info msg=mcp.request protocol=jsonrpc method=tools/call tool=search_graph status=ok duration_ms=0
level=info msg=mcp.request protocol=jsonrpc method=tools/call tool=trace_path status=ok duration_ms=0
level=info msg=mcp.request protocol=jsonrpc method=tools/call tool=search_graph status=ok duration_ms=0
level=info msg=mcp.request protocol=jsonrpc method=tools/call tool=trace_path status=ok duration_ms=0
level=info msg=mcp.request protocol=jsonrpc method=tools/call tool=search_graph status=ok duration_ms=0
level=info msg=mcp.request protocol=jsonrpc method=tools/call tool=trace_path status=ok duration_ms=0
level=info msg=mcp.request protocol=jsonrpc method=tools/call tool=search_graph status=ok duration_ms=0
level=info msg=mcp.request protocol=jsonrpc method=tools/call tool=trace_path status=ok duration_ms=0
level=info msg=mcp.request protocol=jsonrpc method=tools/call tool=search_graph status=ok duration_ms=1
level=info msg=mcp.request protocol=jsonrpc method=tools/call tool=trace_path status=ok duration_ms=0
level=info msg=mcp.request protocol=jsonrpc method=tools/call tool=search_graph status=ok duration_ms=0
level=info msg=mcp.request protocol=jsonrpc method=tools/call tool=trace_path status=ok duration_ms=0
level=info msg=mcp.request protocol=jsonrpc method=tools/call tool=search_graph status=ok duration_ms=0
level=info msg=mcp.request protocol=jsonrpc method=tools/call tool=trace_path status=ok duration_ms=0
level=info msg=mcp.request protocol=jsonrpc method=tools/call tool=search_graph status=ok duration_ms=0
level=info msg=mcp.request protocol=jsonrpc method=tools/call tool=trace_path status=ok duration_ms=0
level=info msg=mcp.request protocol=jsonrpc method=tools/call tool=search_graph status=ok duration_ms=0
level=info msg=mcp.request protocol=jsonrpc method=tools/call tool=trace_path status=ok duration_ms=0
level=info msg=mcp.request protocol=jsonrpc method=tools/call tool=search_graph status=ok duration_ms=0
level=info msg=mcp.request protocol=jsonrpc method=tools/call tool=trace_path status=ok duration_ms=0
level=info msg=mcp.request protocol=jsonrpc method=tools/call tool=search_graph status=ok duration_ms=0
level=info msg=mcp.request protocol=jsonrpc method=tools/call tool=trace_path status=ok duration_ms=0
level=info msg=mcp.request protocol=jsonrpc method=tools/call tool=search_graph status=ok duration_ms=0
level=info msg=mcp.request protocol=jsonrpc method=tools/call tool=trace_path status=ok duration_ms=0
level=info msg=mcp.request protocol=jsonrpc method=tools/call tool=search_graph status=ok duration_ms=0
level=info msg=mcp.request protocol=jsonrpc method=tools/call tool=trace_path status=ok duration_ms=0
level=info msg=mcp.request protocol=jsonrpc method=tools/call tool=search_graph status=ok duration_ms=0
level=info msg=mcp.request protocol=jsonrpc method=tools/call tool=trace_path status=ok duration_ms=0
level=info msg=mcp.request protocol=jsonrpc method=tools/call tool=search_graph status=ok duration_ms=0
level=info msg=mcp.request protocol=jsonrpc method=tools/call tool=trace_path status=ok duration_ms=0
level=info msg=mcp.request protocol=jsonrpc method=tools/call tool=search_graph status=ok duration_ms=0
level=info msg=mcp.request protocol=jsonrpc method=tools/call tool=trace_path status=ok duration_ms=0
level=info msg=mcp.request protocol=jsonrpc method=tools/call tool=search_graph status=ok duration_ms=0
level=info msg=mcp.request protocol=jsonrpc method=tools/call tool=trace_path status=ok duration_ms=0
level=info msg=mcp.request protocol=jsonrpc method=tools/call tool=search_graph status=ok duration_ms=1
level=info msg=mcp.request protocol=jsonrpc method=tools/call tool=trace_path status=ok duration_ms=0
level=info msg=mcp.request protocol=jsonrpc method=tools/call tool=search_graph status=ok duration_ms=0
level=info msg=mcp.request protocol=jsonrpc method=tools/call tool=trace_path status=ok duration_ms=0
level=info msg=mcp.request protocol=jsonrpc method=tools/call tool=search_graph status=ok duration_ms=0
level=info msg=mcp.request protocol=jsonrpc method=tools/call tool=trace_path status=ok duration_ms=0
level=info msg=mcp.request protocol=jsonrpc method=tools/call tool=search_graph status=ok duration_ms=0
level=info msg=mcp.request protocol=jsonrpc method=tools/call tool=trace_path status=ok duration_ms=0
level=info msg=mcp.request protocol=jsonrpc method=tools/call tool=search_graph status=ok duration_ms=0
level=info msg=mcp.request protocol=jsonrpc method=tools/call tool=trace_path status=ok duration_ms=0
level=info msg=mcp.request protocol=jsonrpc method=tools/call tool=search_graph status=ok duration_ms=0
level=info msg=mcp.request protocol=jsonrpc method=tools/call tool=trace_path status=ok duration_ms=0
level=info msg=mcp.request protocol=jsonrpc method=tools/call tool=search_graph status=ok duration_ms=0
level=info msg=mcp.request protocol=jsonrpc method=tools/call tool=trace_path status=ok duration_ms=0
level=info msg=mcp.request protocol=jsonrpc method=tools/call tool=search_graph status=ok duration_ms=0
level=info msg=mcp.request protocol=jsonrpc method=tools/call tool=trace_path status=ok duration_ms=0
level=info msg=mcp.request protocol=jsonrpc method=tools/call tool=search_graph status=ok duration_ms=0
level=info msg=mcp.request protocol=jsonrpc method=tools/call tool=trace_path status=ok duration_ms=0
level=info msg=mcp.request protocol=jsonrpc method=tools/call tool=search_graph status=ok duration_ms=0
level=info msg=mcp.request protocol=jsonrpc method=tools/call tool=trace_path status=ok duration_ms=0
level=info msg=mcp.request protocol=jsonrpc method=tools/call tool=search_graph status=ok duration_ms=0
level=info msg=mcp.request protocol=jsonrpc method=tools/call tool=trace_path status=ok duration_ms=0
level=info msg=mcp.request protocol=jsonrpc method=tools/call tool=search_graph status=ok duration_ms=0
level=info msg=mcp.request protocol=jsonrpc method=tools/call tool=trace_path status=ok duration_ms=0
level=info msg=mcp.request protocol=jsonrpc method=tools/call tool=search_graph status=ok duration_ms=0
level=info msg=mcp.request protocol=jsonrpc method=tools/call tool=trace_path status=ok duration_ms=0
level=info msg=mcp.request protocol=jsonrpc method=tools/call tool=search_graph status=ok duration_ms=0
level=info msg=mcp.request protocol=jsonrpc method=tools/call tool=trace_path status=ok duration_ms=0
level=info msg=mcp.request protocol=jsonrpc method=tools/call tool=search_graph status=ok duration_ms=0
level=info msg=mcp.request protocol=jsonrpc method=tools/call tool=trace_path status=ok duration_ms=0
level=info msg=mcp.request protocol=jsonrpc method=tools/call tool=search_graph status=ok duration_ms=0
level=info msg=mcp.request protocol=jsonrpc method=tools/call tool=trace_path status=ok duration_ms=0
level=info msg=mcp.request protocol=jsonrpc method=tools/call tool=search_graph status=ok duration_ms=0
level=info msg=mcp.request protocol=jsonrpc method=tools/call tool=trace_path status=ok duration_ms=0
level=info msg=mcp.request protocol=jsonrpc method=tools/call tool=search_graph status=ok duration_ms=0
level=info msg=mcp.request protocol=jsonrpc method=tools/call tool=trace_path status=ok duration_ms=0
level=info msg=mcp.request protocol=jsonrpc method=tools/call tool=search_graph status=ok duration_ms=0
level=info msg=mcp.request protocol=jsonrpc method=tools/call tool=trace_path status=ok duration_ms=0
level=info msg=mcp.request protocol=jsonrpc method=tools/call tool=search_graph status=ok duration_ms=0
level=info msg=mcp.request protocol=jsonrpc method=tools/call tool=trace_path status=ok duration_ms=0
level=info msg=mcp.request protocol=jsonrpc method=tools/call tool=search_graph status=ok duration_ms=0
level=info msg=mcp.request protocol=jsonrpc method=tools/call tool=trace_path status=ok duration_ms=0
level=info msg=mcp.request protocol=jsonrpc method=tools/call tool=search_graph status=ok duration_ms=0
level=info msg=mcp.request protocol=jsonrpc method=tools/call tool=trace_path status=ok duration_ms=0
level=info msg=mcp.request protocol=jsonrpc method=tools/call tool=search_graph status=ok duration_ms=0
level=info msg=mcp.request protocol=jsonrpc method=tools/call tool=trace_path status=ok duration_ms=0
level=info msg=mcp.request protocol=jsonrpc method=tools/call tool=search_graph status=ok duration_ms=0
level=info msg=mcp.request protocol=jsonrpc method=tools/call tool=trace_path status=ok duration_ms=0
level=info msg=mcp.request protocol=jsonrpc method=tools/call tool=search_graph status=ok duration_ms=0
level=info msg=mcp.request protocol=jsonrpc method=tools/call tool=trace_path status=ok duration_ms=0
level=info msg=mcp.request protocol=jsonrpc method=tools/call tool=search_graph status=ok duration_ms=0
level=info msg=mcp.request protocol=jsonrpc method=tools/call tool=trace_path status=ok duration_ms=0
level=info msg=mcp.request protocol=jsonrpc method=tools/call tool=search_graph status=ok duration_ms=1
level=info msg=mcp.request protocol=jsonrpc method=tools/call tool=trace_path status=ok duration_ms=0
level=info msg=mcp.request protocol=jsonrpc method=tools/call tool=search_graph status=ok duration_ms=0
level=info msg=mcp.request protocol=jsonrpc method=tools/call tool=trace_path status=ok duration_ms=0
level=info msg=mcp.request protocol=jsonrpc method=tools/call tool=search_graph status=ok duration_ms=0
level=info msg=mcp.request protocol=jsonrpc method=tools/call tool=trace_path status=ok duration_ms=0
level=info msg=mcp.request protocol=jsonrpc method=tools/call tool=search_graph status=ok duration_ms=0
level=info msg=mcp.request protocol=jsonrpc method=tools/call tool=trace_path status=ok duration_ms=0
level=info msg=mcp.request protocol=jsonrpc method=tools/call tool=search_graph status=ok duration_ms=0
level=info msg=mcp.request protocol=jsonrpc method=tools/call tool=trace_path status=ok duration_ms=0
level=info msg=mcp.request protocol=jsonrpc method=tools/call tool=search_graph status=ok duration_ms=0
level=info msg=mcp.request protocol=jsonrpc method=tools/call tool=trace_path status=ok duration_ms=0
level=info msg=mcp.request protocol=jsonrpc method=tools/call tool=search_graph status=ok duration_ms=0
level=info msg=mcp.request protocol=jsonrpc method=tools/call tool=trace_path status=ok duration_ms=0
level=info msg=mcp.request protocol=jsonrpc method=tools/call tool=search_graph status=ok duration_ms=0
level=info msg=mcp.request protocol=jsonrpc method=tools/call tool=trace_path status=ok duration_ms=0
level=info msg=mcp.request protocol=jsonrpc method=tools/call tool=search_graph status=ok duration_ms=0
level=info msg=mcp.request protocol=jsonrpc method=tools/call tool=trace_path status=ok duration_ms=0
level=info msg=mcp.request protocol=jsonrpc method=tools/call tool=search_graph status=ok duration_ms=0
level=info msg=mcp.request protocol=jsonrpc method=tools/call tool=trace_path status=ok duration_ms=0
level=info msg=mcp.request protocol=jsonrpc method=tools/call tool=search_graph status=ok duration_ms=0
level=info msg=mcp.request protocol=jsonrpc method=tools/call tool=trace_path status=ok duration_ms=0
level=info msg=index.supervisor.reap outcome=clean exit_code=0 signal=0
level=info msg=mcp.request protocol=jsonrpc method=tools/call tool=index_repository status=ok duration_ms=1360
level=info msg=mcp.request protocol=jsonrpc method=tools/call tool=search_graph status=ok duration_ms=0
level=info msg=mcp.request protocol=jsonrpc method=tools/call tool=trace_path status=ok duration_ms=0
level=info msg=mcp.request protocol=jsonrpc method=tools/call tool=search_graph status=ok duration_ms=0
level=info msg=mcp.request protocol=jsonrpc method=tools/call tool=trace_path status=ok duration_ms=0
level=info msg=mcp.request protocol=jsonrpc method=tools/call tool=search_graph status=ok duration_ms=0
level=info msg=mcp.request protocol=jsonrpc method=tools/call tool=trace_path status=ok duration_ms=0
level=info msg=mcp.request protocol=jsonrpc method=tools/call tool=search_graph status=ok duration_ms=0
level=info msg=mcp.request protocol=jsonrpc method=tools/call tool=trace_path status=ok duration_ms=0
level=info msg=mcp.request protocol=jsonrpc method=tools/call tool=search_graph status=ok duration_ms=0
level=info msg=mcp.request protocol=jsonrpc method=tools/call tool=trace_path status=ok duration_ms=0
level=info msg=mcp.request protocol=jsonrpc method=tools/call tool=search_graph status=ok duration_ms=0
level=info msg=mcp.request protocol=jsonrpc method=tools/call tool=trace_path status=ok duration_ms=0
level=info msg=mcp.request protocol=jsonrpc method=tools/call tool=search_graph status=ok duration_ms=0
level=info msg=mcp.request protocol=jsonrpc method=tools/call tool=trace_path status=ok duration_ms=0
level=info msg=mcp.request protocol=jsonrpc method=tools/call tool=search_graph status=ok duration_ms=0
level=info msg=mcp.request protocol=jsonrpc method=tools/call tool=trace_path status=ok duration_ms=0
level=info msg=mcp.request protocol=jsonrpc method=tools/call tool=search_graph status=ok duration_ms=0
level=info msg=mcp.request protocol=jsonrpc method=tools/call tool=trace_path status=ok duration_ms=0
level=info msg=mcp.request protocol=jsonrpc method=tools/call tool=search_graph status=ok duration_ms=0
level=info msg=mcp.request protocol=jsonrpc method=tools/call tool=trace_path status=ok duration_ms=0
level=info msg=mcp.request protocol=jsonrpc method=tools/call tool=search_graph status=ok duration_ms=0
level=info msg=mcp.request protocol=jsonrpc method=tools/call tool=trace_path status=ok duration_ms=0
level=info msg=mcp.request protocol=jsonrpc method=tools/call tool=search_graph status=ok duration_ms=0
level=info msg=mcp.request protocol=jsonrpc method=tools/call tool=trace_path status=ok duration_ms=0
level=info msg=mcp.request protocol=jsonrpc method=tools/call tool=search_graph status=ok duration_ms=0
level=info msg=mcp.request protocol=jsonrpc method=tools/call tool=trace_path status=ok duration_ms=0
level=info msg=mcp.request protocol=jsonrpc method=tools/call tool=search_graph status=ok duration_ms=0
level=info msg=mcp.request protocol=jsonrpc method=tools/call tool=trace_path status=ok duration_ms=0
level=info msg=mcp.request protocol=jsonrpc method=tools/call tool=search_graph status=ok duration_ms=0
level=info msg=mcp.request protocol=jsonrpc method=tools/call tool=trace_path status=ok duration_ms=0
level=info msg=mcp.request protocol=jsonrpc method=tools/call tool=search_graph status=ok duration_ms=0
level=info msg=mcp.request protocol=jsonrpc method=tools/call tool=trace_path status=ok duration_ms=0
level=info msg=mcp.request protocol=jsonrpc method=tools/call tool=search_graph status=ok duration_ms=0
level=info msg=mcp.request protocol=jsonrpc method=tools/call tool=trace_path status=ok duration_ms=0
level=info msg=mcp.request protocol=jsonrpc method=tools/call tool=search_graph status=ok duration_ms=0
level=info msg=mcp.request protocol=jsonrpc method=tools/call tool=trace_path status=ok duration_ms=0
level=info msg=mcp.request protocol=jsonrpc method=tools/call tool=search_graph status=ok duration_ms=0
level=info msg=mcp.request protocol=jsonrpc method=tools/call tool=trace_path status=ok duration_ms=0
level=info msg=mcp.request protocol=jsonrpc method=tools/call tool=search_graph status=ok duration_ms=0
level=info msg=mcp.request protocol=jsonrpc method=tools/call tool=trace_path status=ok duration_ms=0
level=info msg=mcp.request protocol=jsonrpc method=tools/call tool=search_graph status=ok duration_ms=0
level=info msg=mcp.request protocol=jsonrpc method=tools/call tool=trace_path status=ok duration_ms=0
level=info msg=mcp.request protocol=jsonrpc method=tools/call tool=search_graph status=ok duration_ms=0
level=info msg=mcp.request protocol=jsonrpc method=tools/call tool=trace_path status=ok duration_ms=0
level=info msg=mcp.request protocol=jsonrpc method=tools/call tool=search_graph status=ok duration_ms=0
level=info msg=mcp.request protocol=jsonrpc method=tools/call tool=trace_path status=ok duration_ms=0
level=info msg=mcp.request protocol=jsonrpc method=tools/call tool=search_graph status=ok duration_ms=0
level=info msg=mcp.request protocol=jsonrpc method=tools/call tool=trace_path status=ok duration_ms=0
level=info msg=mcp.request protocol=jsonrpc method=tools/call tool=search_graph status=ok duration_ms=0
level=info msg=mcp.request protocol=jsonrpc method=tools/call tool=trace_path status=ok duration_ms=0
level=info msg=mcp.request protocol=jsonrpc method=tools/call tool=search_graph status=ok duration_ms=0
level=info msg=mcp.request protocol=jsonrpc method=tools/call tool=trace_path status=ok duration_ms=0
level=info msg=mcp.request protocol=jsonrpc method=tools/call tool=search_graph status=ok duration_ms=0
level=info msg=mcp.request protocol=jsonrpc method=tools/call tool=trace_path status=ok duration_ms=0
level=info msg=mcp.request protocol=jsonrpc method=tools/call tool=search_graph status=ok duration_ms=0
level=info msg=mcp.request protocol=jsonrpc method=tools/call tool=trace_path status=ok duration_ms=0
level=info msg=mcp.request protocol=jsonrpc method=tools/call tool=search_graph status=ok duration_ms=0
level=info msg=mcp.request protocol=jsonrpc method=tools/call tool=trace_path status=ok duration_ms=1
level=info msg=mcp.request protocol=jsonrpc method=tools/call tool=search_graph status=ok duration_ms=1
level=info msg=mcp.request protocol=jsonrpc method=tools/call tool=trace_path status=ok duration_ms=0
level=info msg=mcp.request protocol=jsonrpc method=tools/call tool=search_graph status=ok duration_ms=1
level=info msg=mcp.request protocol=jsonrpc method=tools/call tool=trace_path status=ok duration_ms=1
level=info msg=mcp.request protocol=jsonrpc method=tools/call tool=search_graph status=ok duration_ms=0
level=info msg=mcp.request protocol=jsonrpc method=tools/call tool=trace_path status=ok duration_ms=1
level=info msg=mcp.request protocol=jsonrpc method=tools/call tool=search_graph status=ok duration_ms=0
level=info msg=mcp.request protocol=jsonrpc method=tools/call tool=trace_path status=ok duration_ms=1
level=info msg=mcp.request protocol=jsonrpc method=tools/call tool=search_graph status=ok duration_ms=0
level=info msg=mcp.request protocol=jsonrpc method=tools/call tool=trace_path status=ok duration_ms=0
level=info msg=mcp.request protocol=jsonrpc method=tools/call tool=search_graph status=ok duration_ms=0
level=info msg=mcp.request protocol=jsonrpc method=tools/call tool=trace_path status=ok duration_ms=0
level=info msg=mcp.request protocol=jsonrpc method=tools/call tool=search_graph status=ok duration_ms=0
level=info msg=mcp.request protocol=jsonrpc method=tools/call tool=trace_path status=ok duration_ms=0
level=info msg=mcp.request protocol=jsonrpc method=tools/call tool=search_graph status=ok duration_ms=0
level=info msg=mcp.request protocol=jsonrpc method=tools/call tool=trace_path status=ok duration_ms=0
level=info msg=mcp.request protocol=jsonrpc method=tools/call tool=search_graph status=ok duration_ms=0
level=info msg=mcp.request protocol=jsonrpc method=tools/call tool=trace_path status=ok duration_ms=0
level=info msg=mcp.request protocol=jsonrpc method=tools/call tool=search_graph status=ok duration_ms=0
level=info msg=mcp.request protocol=jsonrpc method=tools/call tool=trace_path status=ok duration_ms=0
level=info msg=mcp.request protocol=jsonrpc method=tools/call tool=search_graph status=ok duration_ms=0
level=info msg=mcp.request protocol=jsonrpc method=tools/call tool=trace_path status=ok duration_ms=0
level=info msg=mcp.request protocol=jsonrpc method=tools/call tool=search_graph status=ok duration_ms=0
level=info msg=mcp.request protocol=jsonrpc method=tools/call tool=trace_path status=ok duration_ms=0
level=info msg=mcp.request protocol=jsonrpc method=tools/call tool=search_graph status=ok duration_ms=0
level=info msg=mcp.request protocol=jsonrpc method=tools/call tool=trace_path status=ok duration_ms=0
level=info msg=mcp.request protocol=jsonrpc method=tools/call tool=search_graph status=ok duration_ms=0
level=info msg=mcp.request protocol=jsonrpc method=tools/call tool=trace_path status=ok duration_ms=0
level=info msg=mcp.request protocol=jsonrpc method=tools/call tool=search_graph status=ok duration_ms=0
level=info msg=mcp.request protocol=jsonrpc method=tools/call tool=trace_path status=ok duration_ms=0
level=info msg=mcp.request protocol=jsonrpc method=tools/call tool=search_graph status=ok duration_ms=0
level=info msg=mcp.request protocol=jsonrpc method=tools/call tool=trace_path status=ok duration_ms=0
level=info msg=mcp.request protocol=jsonrpc method=tools/call tool=search_graph status=ok duration_ms=0
level=info msg=mcp.request protocol=jsonrpc method=tools/call tool=trace_path status=ok duration_ms=0
level=info msg=mcp.request protocol=jsonrpc method=tools/call tool=search_graph status=ok duration_ms=0
level=info msg=mcp.request protocol=jsonrpc method=tools/call tool=trace_path status=ok duration_ms=0
level=info msg=mcp.request protocol=jsonrpc method=tools/call tool=search_graph status=ok duration_ms=0
level=info msg=mcp.request protocol=jsonrpc method=tools/call tool=trace_path status=ok duration_ms=0
level=info msg=mcp.request protocol=jsonrpc method=tools/call tool=search_graph status=ok duration_ms=0
level=info msg=mcp.request protocol=jsonrpc method=tools/call tool=trace_path status=ok duration_ms=0
level=info msg=mcp.request protocol=jsonrpc method=tools/call tool=search_graph status=ok duration_ms=0
level=info msg=mcp.request protocol=jsonrpc method=tools/call tool=trace_path status=ok duration_ms=0
level=info msg=mcp.request protocol=jsonrpc method=tools/call tool=search_graph status=ok duration_ms=0
level=info msg=mcp.request protocol=jsonrpc method=tools/call tool=trace_path status=ok duration_ms=0
level=info msg=mcp.request protocol=jsonrpc method=tools/call tool=search_graph status=ok duration_ms=0
level=info msg=mcp.request protocol=jsonrpc method=tools/call tool=trace_path status=ok duration_ms=0
level=info msg=mcp.request protocol=jsonrpc method=tools/call tool=search_graph status=ok duration_ms=0
level=info msg=mcp.request protocol=jsonrpc method=tools/call tool=trace_path status=ok duration_ms=0
level=info msg=mcp.request protocol=jsonrpc method=tools/call tool=search_graph status=ok duration_ms=0
level=info msg=mcp.request protocol=jsonrpc method=tools/call tool=trace_path status=ok duration_ms=0
level=info msg=mcp.request protocol=jsonrpc method=tools/call tool=search_graph status=ok duration_ms=0
level=info msg=mcp.request protocol=jsonrpc method=tools/call tool=trace_path status=ok duration_ms=0
level=info msg=mcp.request protocol=jsonrpc method=tools/call tool=search_graph status=ok duration_ms=0
level=info msg=mcp.request protocol=jsonrpc method=tools/call tool=trace_path status=ok duration_ms=0
level=info msg=index.supervisor.reap outcome=clean exit_code=0 signal=0
level=info msg=mcp.request protocol=jsonrpc method=tools/call tool=index_repository status=ok duration_ms=1412
level=info msg=mcp.request protocol=jsonrpc method=tools/call tool=search_graph status=ok duration_ms=0
level=info msg=mcp.request protocol=jsonrpc method=tools/call tool=trace_path status=ok duration_ms=0
level=info msg=mcp.request protocol=jsonrpc method=tools/call tool=search_graph status=ok duration_ms=0
level=info msg=mcp.request protocol=jsonrpc method=tools/call tool=trace_path status=ok duration_ms=0
level=info msg=mcp.request protocol=jsonrpc method=tools/call tool=search_graph status=ok duration_ms=0
level=info msg=mcp.request protocol=jsonrpc method=tools/call tool=trace_path status=ok duration_ms=0
level=info msg=mcp.request protocol=jsonrpc method=tools/call tool=search_graph status=ok duration_ms=0
level=info msg=mcp.request protocol=jsonrpc method=tools/call tool=trace_path status=ok duration_ms=0
level=info msg=mcp.request protocol=jsonrpc method=tools/call tool=search_graph status=ok duration_ms=0
level=info msg=mcp.request protocol=jsonrpc method=tools/call tool=trace_path status=ok duration_ms=0
level=info msg=mcp.request protocol=jsonrpc method=tools/call tool=search_graph status=ok duration_ms=0
level=info msg=mcp.request protocol=jsonrpc method=tools/call tool=trace_path status=ok duration_ms=0
level=info msg=mcp.request protocol=jsonrpc method=tools/call tool=search_graph status=ok duration_ms=0
level=info msg=mcp.request protocol=jsonrpc method=tools/call tool=trace_path status=ok duration_ms=0
level=info msg=mcp.request protocol=jsonrpc method=tools/call tool=search_graph status=ok duration_ms=0
level=info msg=mcp.request protocol=jsonrpc method=tools/call tool=trace_path status=ok duration_ms=0
level=info msg=mcp.request protocol=jsonrpc method=tools/call tool=search_graph status=ok duration_ms=0
level=info msg=mcp.request protocol=jsonrpc method=tools/call tool=trace_path status=ok duration_ms=0
level=info msg=mcp.request protocol=jsonrpc method=tools/call tool=search_graph status=ok duration_ms=0
level=info msg=mcp.request protocol=jsonrpc method=tools/call tool=trace_path status=ok duration_ms=0
level=info msg=mcp.request protocol=jsonrpc method=tools/call tool=search_graph status=ok duration_ms=0
level=info msg=mcp.request protocol=jsonrpc method=tools/call tool=trace_path status=ok duration_ms=0
level=info msg=mcp.request protocol=jsonrpc method=tools/call tool=search_graph status=ok duration_ms=1
level=info msg=mcp.request protocol=jsonrpc method=tools/call tool=trace_path status=ok duration_ms=0
level=info msg=mcp.request protocol=jsonrpc method=tools/call tool=search_graph status=ok duration_ms=0
level=info msg=mcp.request protocol=jsonrpc method=tools/call tool=trace_path status=ok duration_ms=0
level=info msg=mcp.request protocol=jsonrpc method=tools/call tool=search_graph status=ok duration_ms=0
level=info msg=mcp.request protocol=jsonrpc method=tools/call tool=trace_path status=ok duration_ms=0
level=info msg=mcp.request protocol=jsonrpc method=tools/call tool=search_graph status=ok duration_ms=0
level=info msg=mcp.request protocol=jsonrpc method=tools/call tool=trace_path status=ok duration_ms=0
level=info msg=mcp.request protocol=jsonrpc method=tools/call tool=search_graph status=ok duration_ms=0
level=info msg=mcp.request protocol=jsonrpc method=tools/call tool=trace_path status=ok duration_ms=0
level=info msg=mcp.request protocol=jsonrpc method=tools/call tool=search_graph status=ok duration_ms=0
level=info msg=mcp.request protocol=jsonrpc method=tools/call tool=trace_path status=ok duration_ms=0
level=info msg=mcp.request protocol=jsonrpc method=tools/call tool=search_graph status=ok duration_ms=0
level=info msg=mcp.request protocol=jsonrpc method=tools/call tool=trace_path status=ok duration_ms=0
level=info msg=mcp.request protocol=jsonrpc method=tools/call tool=search_graph status=ok duration_ms=0
level=info msg=mcp.request protocol=jsonrpc method=tools/call tool=trace_path status=ok duration_ms=0
level=info msg=mcp.request protocol=jsonrpc method=tools/call tool=search_graph status=ok duration_ms=0
level=info msg=mcp.request protocol=jsonrpc method=tools/call tool=trace_path status=ok duration_ms=0
level=info msg=mcp.request protocol=jsonrpc method=tools/call tool=search_graph status=ok duration_ms=0
level=info msg=mcp.request protocol=jsonrpc method=tools/call tool=trace_path status=ok duration_ms=0
level=info msg=mcp.request protocol=jsonrpc method=tools/call tool=search_graph status=ok duration_ms=0
level=info msg=mcp.request protocol=jsonrpc method=tools/call tool=trace_path status=ok duration_ms=0
level=info msg=mcp.request protocol=jsonrpc method=tools/call tool=search_graph status=ok duration_ms=0
level=info msg=mcp.request protocol=jsonrpc method=tools/call tool=trace_path status=ok duration_ms=0
level=info msg=mcp.request protocol=jsonrpc method=tools/call tool=search_graph status=ok duration_ms=0
level=info msg=mcp.request protocol=jsonrpc method=tools/call tool=trace_path status=ok duration_ms=0
level=info msg=mcp.request protocol=jsonrpc method=tools/call tool=search_graph status=ok duration_ms=0
level=info msg=mcp.request protocol=jsonrpc method=tools/call tool=trace_path status=ok duration_ms=0
level=info msg=mcp.request protocol=jsonrpc method=tools/call tool=search_graph status=ok duration_ms=0
level=info msg=mcp.request protocol=jsonrpc method=tools/call tool=trace_path status=ok duration_ms=0
level=info msg=mcp.request protocol=jsonrpc method=tools/call tool=search_graph status=ok duration_ms=0
level=info msg=mcp.request protocol=jsonrpc method=tools/call tool=trace_path status=ok duration_ms=0
level=info msg=mcp.request protocol=jsonrpc method=tools/call tool=search_graph status=ok duration_ms=0
level=info msg=mcp.request protocol=jsonrpc method=tools/call tool=trace_path status=ok duration_ms=0
level=info msg=mcp.request protocol=jsonrpc method=tools/call tool=search_graph status=ok duration_ms=1
level=info msg=mcp.request protocol=jsonrpc method=tools/call tool=trace_path status=ok duration_ms=0
level=info msg=mcp.request protocol=jsonrpc method=tools/call tool=search_graph status=ok duration_ms=0
level=info msg=mcp.request protocol=jsonrpc method=tools/call tool=trace_path status=ok duration_ms=0
level=info msg=mcp.request protocol=jsonrpc method=tools/call tool=search_graph status=ok duration_ms=0
level=info msg=mcp.request protocol=jsonrpc method=tools/call tool=trace_path status=ok duration_ms=0
level=info msg=mcp.request protocol=jsonrpc method=tools/call tool=search_graph status=ok duration_ms=0
level=info msg=mcp.request protocol=jsonrpc method=tools/call tool=trace_path status=ok duration_ms=0
level=info msg=mcp.request protocol=jsonrpc method=tools/call tool=search_graph status=ok duration_ms=0
level=info msg=mcp.request protocol=jsonrpc method=tools/call tool=trace_path status=ok duration_ms=0
level=info msg=mcp.request protocol=jsonrpc method=tools/call tool=search_graph status=ok duration_ms=0
level=info msg=mcp.request protocol=jsonrpc method=tools/call tool=trace_path status=ok duration_ms=0
level=info msg=mcp.request protocol=jsonrpc method=tools/call tool=search_graph status=ok duration_ms=0
level=info msg=mcp.request protocol=jsonrpc method=tools/call tool=trace_path status=ok duration_ms=0
level=info msg=mcp.request protocol=jsonrpc method=tools/call tool=search_graph status=ok duration_ms=0
level=info msg=mcp.request protocol=jsonrpc method=tools/call tool=trace_path status=ok duration_ms=0
level=info msg=mcp.request protocol=jsonrpc method=tools/call tool=search_graph status=ok duration_ms=0
level=info msg=mcp.request protocol=jsonrpc method=tools/call tool=trace_path status=ok duration_ms=0
level=info msg=mcp.request protocol=jsonrpc method=tools/call tool=search_graph status=ok duration_ms=0
level=info msg=mcp.request protocol=jsonrpc method=tools/call tool=trace_path status=ok duration_ms=0
level=info msg=mcp.request protocol=jsonrpc method=tools/call tool=search_graph status=ok duration_ms=0
level=info msg=mcp.request protocol=jsonrpc method=tools/call tool=trace_path status=ok duration_ms=0
level=info msg=mcp.request protocol=jsonrpc method=tools/call tool=search_graph status=ok duration_ms=0
level=info msg=mcp.request protocol=jsonrpc method=tools/call tool=trace_path status=ok duration_ms=0
level=info msg=mcp.request protocol=jsonrpc method=tools/call tool=search_graph status=ok duration_ms=0
level=info msg=mcp.request protocol=jsonrpc method=tools/call tool=trace_path status=ok duration_ms=0
level=info msg=mcp.request protocol=jsonrpc method=tools/call tool=search_graph status=ok duration_ms=0
level=info msg=mcp.request protocol=jsonrpc method=tools/call tool=trace_path status=ok duration_ms=0
level=info msg=mcp.request protocol=jsonrpc method=tools/call tool=search_graph status=ok duration_ms=0
level=info msg=mcp.request protocol=jsonrpc method=tools/call tool=trace_path status=ok duration_ms=0
level=info msg=mcp.request protocol=jsonrpc method=tools/call tool=search_graph status=ok duration_ms=0
level=info msg=mcp.request protocol=jsonrpc method=tools/call tool=trace_path status=ok duration_ms=0
level=info msg=mcp.request protocol=jsonrpc method=tools/call tool=search_graph status=ok duration_ms=0
level=info msg=mcp.request protocol=jsonrpc method=tools/call tool=trace_path status=ok duration_ms=0
level=info msg=mcp.request protocol=jsonrpc method=tools/call tool=search_graph status=ok duration_ms=0
level=info msg=mcp.request protocol=jsonrpc method=tools/call tool=trace_path status=ok duration_ms=0
level=info msg=mcp.request protocol=jsonrpc method=tools/call tool=search_graph status=ok duration_ms=0
level=info msg=mcp.request protocol=jsonrpc method=tools/call tool=trace_path status=ok duration_ms=0
level=info msg=mcp.request protocol=jsonrpc method=tools/call tool=search_graph status=ok duration_ms=0
level=info msg=mcp.request protocol=jsonrpc method=tools/call tool=trace_path status=ok duration_ms=0
level=info msg=mcp.request protocol=jsonrpc method=tools/call tool=search_graph status=ok duration_ms=0
level=info msg=mcp.request protocol=jsonrpc method=tools/call tool=trace_path status=ok duration_ms=0
level=info msg=mcp.request protocol=jsonrpc method=tools/call tool=search_graph status=ok duration_ms=0
level=info msg=mcp.request protocol=jsonrpc method=tools/call tool=trace_path status=ok duration_ms=0
level=info msg=mcp.request protocol=jsonrpc method=tools/call tool=search_graph status=ok duration_ms=0
level=info msg=mcp.request protocol=jsonrpc method=tools/call tool=trace_path status=ok duration_ms=0
level=info msg=mcp.request protocol=jsonrpc method=tools/call tool=search_graph status=ok duration_ms=0
level=info msg=mcp.request protocol=jsonrpc method=tools/call tool=trace_path status=ok duration_ms=0
level=info msg=mcp.request protocol=jsonrpc method=tools/call tool=search_graph status=ok duration_ms=0
level=info msg=mcp.request protocol=jsonrpc method=tools/call tool=trace_path status=ok duration_ms=0
level=info msg=mcp.request protocol=jsonrpc method=tools/call tool=search_graph status=ok duration_ms=0
level=info msg=mcp.request protocol=jsonrpc method=tools/call tool=trace_path status=ok duration_ms=0
level=info msg=mcp.request protocol=jsonrpc method=tools/call tool=search_graph status=ok duration_ms=0
level=info msg=mcp.request protocol=jsonrpc method=tools/call tool=trace_path status=ok duration_ms=0
level=info msg=mcp.request protocol=jsonrpc method=tools/call tool=search_graph status=ok duration_ms=0
level=info msg=mcp.request protocol=jsonrpc method=tools/call tool=trace_path status=ok duration_ms=0
level=info msg=index.supervisor.reap outcome=clean exit_code=0 signal=0
level=info msg=mcp.request protocol=jsonrpc method=tools/call tool=index_repository status=ok duration_ms=1376
level=info msg=mcp.request protocol=jsonrpc method=tools/call tool=search_graph status=ok duration_ms=0
level=info msg=mcp.request protocol=jsonrpc method=tools/call tool=trace_path status=ok duration_ms=0
level=info msg=mcp.request protocol=jsonrpc method=tools/call tool=search_graph status=ok duration_ms=0
level=info msg=mcp.request protocol=jsonrpc method=tools/call tool=trace_path status=ok duration_ms=0
level=info msg=mcp.request protocol=jsonrpc method=tools/call tool=search_graph status=ok duration_ms=0
level=info msg=mcp.request protocol=jsonrpc method=tools/call tool=trace_path status=ok duration_ms=0
level=info msg=mcp.request protocol=jsonrpc method=tools/call tool=search_graph status=ok duration_ms=0
level=info msg=mcp.request protocol=jsonrpc method=tools/call tool=trace_path status=ok duration_ms=0
level=info msg=mcp.request protocol=jsonrpc method=tools/call tool=search_graph status=ok duration_ms=0
level=info msg=mcp.request protocol=jsonrpc method=tools/call tool=trace_path status=ok duration_ms=0
level=info msg=mcp.request protocol=jsonrpc method=tools/call tool=search_graph status=ok duration_ms=1
level=info msg=mcp.request protocol=jsonrpc method=tools/call tool=trace_path status=ok duration_ms=0
level=info msg=mcp.request protocol=jsonrpc method=tools/call tool=search_graph status=ok duration_ms=0
level=info msg=mcp.request protocol=jsonrpc method=tools/call tool=trace_path status=ok duration_ms=0
level=info msg=mcp.request protocol=jsonrpc method=tools/call tool=search_graph status=ok duration_ms=0
level=info msg=mcp.request protocol=jsonrpc method=tools/call tool=trace_path status=ok duration_ms=0
level=info msg=mcp.request protocol=jsonrpc method=tools/call tool=search_graph status=ok duration_ms=0
level=info msg=mcp.request protocol=jsonrpc method=tools/call tool=trace_path status=ok duration_ms=0
level=info msg=mcp.request protocol=jsonrpc method=tools/call tool=search_graph status=ok duration_ms=0
level=info msg=mcp.request protocol=jsonrpc method=tools/call tool=trace_path status=ok duration_ms=0
level=info msg=mcp.request protocol=jsonrpc method=tools/call tool=search_graph status=ok duration_ms=0
level=info msg=mcp.request protocol=jsonrpc method=tools/call tool=trace_path status=ok duration_ms=0
level=info msg=mcp.request protocol=jsonrpc method=tools/call tool=search_graph status=ok duration_ms=0
level=info msg=mcp.request protocol=jsonrpc method=tools/call tool=trace_path status=ok duration_ms=0
level=info msg=mcp.request protocol=jsonrpc method=tools/call tool=search_graph status=ok duration_ms=0
level=info msg=mcp.request protocol=jsonrpc method=tools/call tool=trace_path status=ok duration_ms=0
level=info msg=mcp.request protocol=jsonrpc method=tools/call tool=search_graph status=ok duration_ms=0
level=info msg=mcp.request protocol=jsonrpc method=tools/call tool=trace_path status=ok duration_ms=0
level=info msg=mcp.request protocol=jsonrpc method=tools/call tool=search_graph status=ok duration_ms=0
level=info msg=mcp.request protocol=jsonrpc method=tools/call tool=trace_path status=ok duration_ms=0
level=info msg=mcp.request protocol=jsonrpc method=tools/call tool=search_graph status=ok duration_ms=0
level=info msg=mcp.request protocol=jsonrpc method=tools/call tool=trace_path status=ok duration_ms=0
level=info msg=mcp.request protocol=jsonrpc method=tools/call tool=search_graph status=ok duration_ms=0
level=info msg=mcp.request protocol=jsonrpc method=tools/call tool=trace_path status=ok duration_ms=0
level=info msg=mcp.request protocol=jsonrpc method=tools/call tool=search_graph status=ok duration_ms=0
level=info msg=mcp.request protocol=jsonrpc method=tools/call tool=trace_path status=ok duration_ms=0
level=info msg=mcp.request protocol=jsonrpc method=tools/call tool=search_graph status=ok duration_ms=0
level=info msg=mcp.request protocol=jsonrpc method=tools/call tool=trace_path status=ok duration_ms=0
level=info msg=mcp.request protocol=jsonrpc method=tools/call tool=search_graph status=ok duration_ms=0
level=info msg=mcp.request protocol=jsonrpc method=tools/call tool=trace_path status=ok duration_ms=0
level=info msg=mcp.request protocol=jsonrpc method=tools/call tool=search_graph status=ok duration_ms=0
level=info msg=mcp.request protocol=jsonrpc method=tools/call tool=trace_path status=ok duration_ms=0
level=info msg=mcp.request protocol=jsonrpc method=tools/call tool=search_graph status=ok duration_ms=0
level=info msg=mcp.request protocol=jsonrpc method=tools/call tool=trace_path status=ok duration_ms=0
level=info msg=mcp.request protocol=jsonrpc method=tools/call tool=search_graph status=ok duration_ms=0
level=info msg=mcp.request protocol=jsonrpc method=tools/call tool=trace_path status=ok duration_ms=0
level=info msg=mcp.request protocol=jsonrpc method=tools/call tool=search_graph status=ok duration_ms=0
level=info msg=mcp.request protocol=jsonrpc method=tools/call tool=trace_path status=ok duration_ms=0
level=info msg=mcp.request protocol=jsonrpc method=tools/call tool=search_graph status=ok duration_ms=0
level=info msg=mcp.request protocol=jsonrpc method=tools/call tool=trace_path status=ok duration_ms=0
level=info msg=mcp.request protocol=jsonrpc method=tools/call tool=search_graph status=ok duration_ms=0
level=info msg=mcp.request protocol=jsonrpc method=tools/call tool=trace_path status=ok duration_ms=0
level=info msg=mcp.request protocol=jsonrpc method=tools/call tool=search_graph status=ok duration_ms=0
level=info msg=mcp.request protocol=jsonrpc method=tools/call tool=trace_path status=ok duration_ms=0
level=info msg=mcp.request protocol=jsonrpc method=tools/call tool=search_graph status=ok duration_ms=0
level=info msg=mcp.request protocol=jsonrpc method=tools/call tool=trace_path status=ok duration_ms=0
level=info msg=mcp.request protocol=jsonrpc method=tools/call tool=search_graph status=ok duration_ms=0
level=info msg=mcp.request protocol=jsonrpc method=tools/call tool=trace_path status=ok duration_ms=0
level=info msg=mcp.request protocol=jsonrpc method=tools/call tool=search_graph status=ok duration_ms=0
level=info msg=mcp.request protocol=jsonrpc method=tools/call tool=trace_path status=ok duration_ms=0
level=info msg=mcp.request protocol=jsonrpc method=tools/call tool=search_graph status=ok duration_ms=0
level=info msg=mcp.request protocol=jsonrpc method=tools/call tool=trace_path status=ok duration_ms=0
level=info msg=mcp.request protocol=jsonrpc method=tools/call tool=search_graph status=ok duration_ms=0
level=info msg=mcp.request protocol=jsonrpc method=tools/call tool=trace_path status=ok duration_ms=0
level=info msg=mcp.request protocol=jsonrpc method=tools/call tool=search_graph status=ok duration_ms=0
level=info msg=mcp.request protocol=jsonrpc method=tools/call tool=trace_path status=ok duration_ms=0
level=info msg=mcp.request protocol=jsonrpc method=tools/call tool=search_graph status=ok duration_ms=0
level=info msg=mcp.request protocol=jsonrpc method=tools/call tool=trace_path status=ok duration_ms=0
level=info msg=mcp.request protocol=jsonrpc method=tools/call tool=search_graph status=ok duration_ms=0
level=info msg=mcp.request protocol=jsonrpc method=tools/call tool=trace_path status=ok duration_ms=0
level=info msg=mcp.request protocol=jsonrpc method=tools/call tool=search_graph status=ok duration_ms=0
level=info msg=mcp.request protocol=jsonrpc method=tools/call tool=trace_path status=ok duration_ms=0
level=info msg=mcp.request protocol=jsonrpc method=tools/call tool=search_graph status=ok duration_ms=0
level=info msg=mcp.request protocol=jsonrpc method=tools/call tool=trace_path status=ok duration_ms=0
level=info msg=mcp.request protocol=jsonrpc method=tools/call tool=search_graph status=ok duration_ms=0
level=info msg=mcp.request protocol=jsonrpc method=tools/call tool=trace_path status=ok duration_ms=0
level=info msg=mcp.request protocol=jsonrpc method=tools/call tool=search_graph status=ok duration_ms=0
level=info msg=mcp.request protocol=jsonrpc method=tools/call tool=trace_path status=ok duration_ms=0
level=info msg=mcp.request protocol=jsonrpc method=tools/call tool=search_graph status=ok duration_ms=0
level=info msg=mcp.request protocol=jsonrpc method=tools/call tool=trace_path status=ok duration_ms=0
level=info msg=mcp.request protocol=jsonrpc method=tools/call tool=search_graph status=ok duration_ms=0
level=info msg=mcp.request protocol=jsonrpc method=tools/call tool=trace_path status=ok duration_ms=0
level=info msg=mcp.request protocol=jsonrpc method=tools/call tool=search_graph status=ok duration_ms=0
level=info msg=mcp.request protocol=jsonrpc method=tools/call tool=trace_path status=ok duration_ms=0
level=info msg=mcp.request protocol=jsonrpc method=tools/call tool=search_graph status=ok duration_ms=0
level=info msg=mcp.request protocol=jsonrpc method=tools/call tool=trace_path status=ok duration_ms=0
level=info msg=mcp.request protocol=jsonrpc method=tools/call tool=search_graph status=ok duration_ms=0
level=info msg=mcp.request protocol=jsonrpc method=tools/call tool=trace_path status=ok duration_ms=0
level=info msg=mcp.request protocol=jsonrpc method=tools/call tool=search_graph status=ok duration_ms=0
level=info msg=mcp.request protocol=jsonrpc method=tools/call tool=trace_path status=ok duration_ms=0
level=info msg=mcp.request protocol=jsonrpc method=tools/call tool=search_graph status=ok duration_ms=0
level=info msg=mcp.request protocol=jsonrpc method=tools/call tool=trace_path status=ok duration_ms=0
level=info msg=mcp.request protocol=jsonrpc method=tools/call tool=search_graph status=ok duration_ms=0
level=info msg=mcp.request protocol=jsonrpc method=tools/call tool=trace_path status=ok duration_ms=0
level=info msg=mcp.request protocol=jsonrpc method=tools/call tool=search_graph status=ok duration_ms=0
level=info msg=mcp.request protocol=jsonrpc method=tools/call tool=trace_path status=ok duration_ms=0
level=info msg=mcp.request protocol=jsonrpc method=tools/call tool=search_graph status=ok duration_ms=0
level=info msg=mcp.request protocol=jsonrpc method=tools/call tool=trace_path status=ok duration_ms=0
level=info msg=mcp.request protocol=jsonrpc method=tools/call tool=search_graph status=ok duration_ms=0
level=info msg=mcp.request protocol=jsonrpc method=tools/call tool=trace_path status=ok duration_ms=0
level=info msg=mcp.request protocol=jsonrpc method=tools/call tool=search_graph status=ok duration_ms=1
level=info msg=mcp.request protocol=jsonrpc method=tools/call tool=trace_path status=ok duration_ms=0
level=info msg=mcp.request protocol=jsonrpc method=tools/call tool=search_graph status=ok duration_ms=0
level=info msg=mcp.request protocol=jsonrpc method=tools/call tool=trace_path status=ok duration_ms=0
level=info msg=mcp.request protocol=jsonrpc method=tools/call tool=search_graph status=ok duration_ms=0
level=info msg=mcp.request protocol=jsonrpc method=tools/call tool=trace_path status=ok duration_ms=0
level=info msg=mcp.request protocol=jsonrpc method=tools/call tool=search_graph status=ok duration_ms=0
level=info msg=mcp.request protocol=jsonrpc method=tools/call tool=trace_path status=ok duration_ms=0
level=info msg=mcp.request protocol=jsonrpc method=tools/call tool=search_graph status=ok duration_ms=0
level=info msg=mcp.request protocol=jsonrpc method=tools/call tool=trace_path status=ok duration_ms=0
level=info msg=index.supervisor.reap outcome=clean exit_code=0 signal=0
level=info msg=mcp.request protocol=jsonrpc method=tools/call tool=index_repository status=ok duration_ms=1363
level=info msg=mcp.request protocol=jsonrpc method=tools/call tool=search_graph status=ok duration_ms=0
level=info msg=mcp.request protocol=jsonrpc method=tools/call tool=trace_path status=ok duration_ms=0
level=info msg=mcp.request protocol=jsonrpc method=tools/call tool=search_graph status=ok duration_ms=0
level=info msg=mcp.request protocol=jsonrpc method=tools/call tool=trace_path status=ok duration_ms=0
level=info msg=mcp.request protocol=jsonrpc method=tools/call tool=search_graph status=ok duration_ms=0
level=info msg=mcp.request protocol=jsonrpc method=tools/call tool=trace_path status=ok duration_ms=0
level=info msg=mcp.request protocol=jsonrpc method=tools/call tool=search_graph status=ok duration_ms=0
level=info msg=mcp.request protocol=jsonrpc method=tools/call tool=trace_path status=ok duration_ms=0
level=info msg=mcp.request protocol=jsonrpc method=tools/call tool=search_graph status=ok duration_ms=0
level=info msg=mcp.request protocol=jsonrpc method=tools/call tool=trace_path status=ok duration_ms=0
level=info msg=mcp.request protocol=jsonrpc method=tools/call tool=search_graph status=ok duration_ms=0
level=info msg=mcp.request protocol=jsonrpc method=tools/call tool=trace_path status=ok duration_ms=0
level=info msg=mcp.request protocol=jsonrpc method=tools/call tool=search_graph status=ok duration_ms=0
level=info msg=mcp.request protocol=jsonrpc method=tools/call tool=trace_path status=ok duration_ms=0
level=info msg=mcp.request protocol=jsonrpc method=tools/call tool=search_graph status=ok duration_ms=0
level=info msg=mcp.request protocol=jsonrpc method=tools/call tool=trace_path status=ok duration_ms=0
level=info msg=mcp.request protocol=jsonrpc method=tools/call tool=search_graph status=ok duration_ms=0
level=info msg=mcp.request protocol=jsonrpc method=tools/call tool=trace_path status=ok duration_ms=0
level=info msg=mcp.request protocol=jsonrpc method=tools/call tool=search_graph status=ok duration_ms=0
level=info msg=mcp.request protocol=jsonrpc method=tools/call tool=trace_path status=ok duration_ms=0
level=info msg=mcp.request protocol=jsonrpc method=tools/call tool=search_graph status=ok duration_ms=0
level=info msg=mcp.request protocol=jsonrpc method=tools/call tool=trace_path status=ok duration_ms=0
level=info msg=mcp.request protocol=jsonrpc method=tools/call tool=search_graph status=ok duration_ms=0
level=info msg=mcp.request protocol=jsonrpc method=tools/call tool=trace_path status=ok duration_ms=0
level=info msg=mcp.request protocol=jsonrpc method=tools/call tool=search_graph status=ok duration_ms=0
level=info msg=mcp.request protocol=jsonrpc method=tools/call tool=trace_path status=ok duration_ms=0
level=info msg=mcp.request protocol=jsonrpc method=tools/call tool=search_graph status=ok duration_ms=0
level=info msg=mcp.request protocol=jsonrpc method=tools/call tool=trace_path status=ok duration_ms=0
level=info msg=mcp.request protocol=jsonrpc method=tools/call tool=search_graph status=ok duration_ms=0
level=info msg=mcp.request protocol=jsonrpc method=tools/call tool=trace_path status=ok duration_ms=0
level=info msg=mcp.request protocol=jsonrpc method=tools/call tool=search_graph status=ok duration_ms=0
level=info msg=mcp.request protocol=jsonrpc method=tools/call tool=trace_path status=ok duration_ms=0
level=info msg=mcp.request protocol=jsonrpc method=tools/call tool=search_graph status=ok duration_ms=0
level=info msg=mcp.request protocol=jsonrpc method=tools/call tool=trace_path status=ok duration_ms=0
level=info msg=mcp.request protocol=jsonrpc method=tools/call tool=search_graph status=ok duration_ms=0
level=info msg=mcp.request protocol=jsonrpc method=tools/call tool=trace_path status=ok duration_ms=0
level=info msg=mcp.request protocol=jsonrpc method=tools/call tool=search_graph status=ok duration_ms=0
level=info msg=mcp.request protocol=jsonrpc method=tools/call tool=trace_path status=ok duration_ms=0
level=info msg=mcp.request protocol=jsonrpc method=tools/call tool=search_graph status=ok duration_ms=0
level=info msg=mcp.request protocol=jsonrpc method=tools/call tool=trace_path status=ok duration_ms=0
level=info msg=mcp.request protocol=jsonrpc method=tools/call tool=search_graph status=ok duration_ms=0
level=info msg=mcp.request protocol=jsonrpc method=tools/call tool=trace_path status=ok duration_ms=0
level=info msg=mcp.request protocol=jsonrpc method=tools/call tool=search_graph status=ok duration_ms=0
level=info msg=mcp.request protocol=jsonrpc method=tools/call tool=trace_path status=ok duration_ms=0
level=info msg=mcp.request protocol=jsonrpc method=tools/call tool=search_graph status=ok duration_ms=0
level=info msg=mcp.request protocol=jsonrpc method=tools/call tool=trace_path status=ok duration_ms=0
level=info msg=mcp.request protocol=jsonrpc method=tools/call tool=search_graph status=ok duration_ms=0
level=info msg=mcp.request protocol=jsonrpc method=tools/call tool=trace_path status=ok duration_ms=0
level=info msg=mcp.request protocol=jsonrpc method=tools/call tool=search_graph status=ok duration_ms=0
level=info msg=mcp.request protocol=jsonrpc method=tools/call tool=trace_path status=ok duration_ms=0
level=info msg=mcp.request protocol=jsonrpc method=tools/call tool=search_graph status=ok duration_ms=0
level=info msg=mcp.request protocol=jsonrpc method=tools/call tool=trace_path status=ok duration_ms=0
level=info msg=mcp.request protocol=jsonrpc method=tools/call tool=search_graph status=ok duration_ms=0
level=info msg=mcp.request protocol=jsonrpc method=tools/call tool=trace_path status=ok duration_ms=0
level=info msg=mcp.request protocol=jsonrpc method=tools/call tool=search_graph status=ok duration_ms=0
level=info msg=mcp.request protocol=jsonrpc method=tools/call tool=trace_path status=ok duration_ms=0
level=info msg=mcp.request protocol=jsonrpc method=tools/call tool=search_graph status=ok duration_ms=0
level=info msg=mcp.request protocol=jsonrpc method=tools/call tool=trace_path status=ok duration_ms=0
level=info msg=mcp.request protocol=jsonrpc method=tools/call tool=search_graph status=ok duration_ms=0
level=info msg=mcp.request protocol=jsonrpc method=tools/call tool=trace_path status=ok duration_ms=0
level=info msg=mcp.request protocol=jsonrpc method=tools/call tool=search_graph status=ok duration_ms=0
level=info msg=mcp.request protocol=jsonrpc method=tools/call tool=trace_path status=ok duration_ms=0
level=info msg=mcp.request protocol=jsonrpc method=tools/call tool=search_graph status=ok duration_ms=0
level=info msg=mcp.request protocol=jsonrpc method=tools/call tool=trace_path status=ok duration_ms=0
level=info msg=mcp.request protocol=jsonrpc method=tools/call tool=search_graph status=ok duration_ms=0
level=info msg=mcp.request protocol=jsonrpc method=tools/call tool=trace_path status=ok duration_ms=0
level=info msg=mcp.request protocol=jsonrpc method=tools/call tool=search_graph status=ok duration_ms=0
level=info msg=mcp.request protocol=jsonrpc method=tools/call tool=trace_path status=ok duration_ms=0
level=info msg=mcp.request protocol=jsonrpc method=tools/call tool=search_graph status=ok duration_ms=0
level=info msg=mcp.request protocol=jsonrpc method=tools/call tool=trace_path status=ok duration_ms=0
level=info msg=mcp.request protocol=jsonrpc method=tools/call tool=search_graph status=ok duration_ms=0
level=info msg=mcp.request protocol=jsonrpc method=tools/call tool=trace_path status=ok duration_ms=0
level=info msg=mcp.request protocol=jsonrpc method=tools/call tool=search_graph status=ok duration_ms=0
level=info msg=mcp.request protocol=jsonrpc method=tools/call tool=trace_path status=ok duration_ms=0
level=info msg=mcp.request protocol=jsonrpc method=tools/call tool=search_graph status=ok duration_ms=0
level=info msg=mcp.request protocol=jsonrpc method=tools/call tool=trace_path status=ok duration_ms=0
level=info msg=mcp.request protocol=jsonrpc method=tools/call tool=search_graph status=ok duration_ms=0
level=info msg=mcp.request protocol=jsonrpc method=tools/call tool=trace_path status=ok duration_ms=0
level=info msg=mcp.request protocol=jsonrpc method=tools/call tool=search_graph status=ok duration_ms=0
level=info msg=mcp.request protocol=jsonrpc method=tools/call tool=trace_path status=ok duration_ms=0
level=info msg=mcp.request protocol=jsonrpc method=tools/call tool=search_graph status=ok duration_ms=0
level=info msg=mcp.request protocol=jsonrpc method=tools/call tool=trace_path status=ok duration_ms=0
level=info msg=mcp.request protocol=jsonrpc method=tools/call tool=search_graph status=ok duration_ms=0
level=info msg=mcp.request protocol=jsonrpc method=tools/call tool=trace_path status=ok duration_ms=0
level=info msg=mcp.request protocol=jsonrpc method=tools/call tool=search_graph status=ok duration_ms=0
level=info msg=mcp.request protocol=jsonrpc method=tools/call tool=trace_path status=ok duration_ms=0
level=info msg=mcp.request protocol=jsonrpc method=tools/call tool=search_graph status=ok duration_ms=0
level=info msg=mcp.request protocol=jsonrpc method=tools/call tool=trace_path status=ok duration_ms=0
level=info msg=mcp.request protocol=jsonrpc method=tools/call tool=search_graph status=ok duration_ms=0
level=info msg=mcp.request protocol=jsonrpc method=tools/call tool=trace_path status=ok duration_ms=0
level=info msg=mcp.request protocol=jsonrpc method=tools/call tool=search_graph status=ok duration_ms=0
level=info msg=mcp.request protocol=jsonrpc method=tools/call tool=trace_path status=ok duration_ms=0
level=info msg=mcp.request protocol=jsonrpc method=tools/call tool=search_graph status=ok duration_ms=0
level=info msg=mcp.request protocol=jsonrpc method=tools/call tool=trace_path status=ok duration_ms=0
level=info msg=mcp.request protocol=jsonrpc method=tools/call tool=search_graph status=ok duration_ms=0
level=info msg=mcp.request protocol=jsonrpc method=tools/call tool=trace_path status=ok duration_ms=0
level=info msg=mcp.request protocol=jsonrpc method=tools/call tool=search_graph status=ok duration_ms=0
level=info msg=mcp.request protocol=jsonrpc method=tools/call tool=trace_path status=ok duration_ms=0
level=info msg=mcp.request protocol=jsonrpc method=tools/call tool=search_graph status=ok duration_ms=0
level=info msg=mcp.request protocol=jsonrpc method=tools/call tool=trace_path status=ok duration_ms=0
level=info msg=mcp.request protocol=jsonrpc method=tools/call tool=search_graph status=ok duration_ms=0
level=info msg=mcp.request protocol=jsonrpc method=tools/call tool=trace_path status=ok duration_ms=0
level=info msg=mcp.request protocol=jsonrpc method=tools/call tool=search_graph status=ok duration_ms=0
level=info msg=mcp.request protocol=jsonrpc method=tools/call tool=trace_path status=ok duration_ms=0
level=info msg=mcp.request protocol=jsonrpc method=tools/call tool=search_graph status=ok duration_ms=0
level=info msg=mcp.request protocol=jsonrpc method=tools/call tool=trace_path status=ok duration_ms=0
level=info msg=mcp.request protocol=jsonrpc method=tools/call tool=search_graph status=ok duration_ms=0
level=info msg=mcp.request protocol=jsonrpc method=tools/call tool=trace_path status=ok duration_ms=0
level=info msg=mcp.request protocol=jsonrpc method=tools/call tool=search_graph status=ok duration_ms=0
level=info msg=mcp.request protocol=jsonrpc method=tools/call tool=trace_path status=ok duration_ms=0
level=info msg=index.supervisor.reap outcome=clean exit_code=0 signal=0
level=info msg=mcp.request protocol=jsonrpc method=tools/call tool=index_repository status=ok duration_ms=1364
level=info msg=mcp.request protocol=jsonrpc method=tools/call tool=search_graph status=ok duration_ms=0
level=info msg=mcp.request protocol=jsonrpc method=tools/call tool=trace_path status=ok duration_ms=0
level=info msg=mcp.request protocol=jsonrpc method=tools/call tool=search_graph status=ok duration_ms=0
level=info msg=mcp.request protocol=jsonrpc method=tools/call tool=trace_path status=ok duration_ms=0
level=info msg=mcp.request protocol=jsonrpc method=tools/call tool=search_graph status=ok duration_ms=0
level=info msg=mcp.request protocol=jsonrpc method=tools/call tool=trace_path status=ok duration_ms=0
level=info msg=mcp.request protocol=jsonrpc method=tools/call tool=search_graph status=ok duration_ms=0
level=info msg=mcp.request protocol=jsonrpc method=tools/call tool=trace_path status=ok duration_ms=0
level=info msg=mcp.request protocol=jsonrpc method=tools/call tool=search_graph status=ok duration_ms=0
level=info msg=mcp.request protocol=jsonrpc method=tools/call tool=trace_path status=ok duration_ms=0
level=info msg=mcp.request protocol=jsonrpc method=tools/call tool=search_graph status=ok duration_ms=0
level=info msg=mcp.request protocol=jsonrpc method=tools/call tool=trace_path status=ok duration_ms=0
level=info msg=mcp.request protocol=jsonrpc method=tools/call tool=search_graph status=ok duration_ms=0
level=info msg=mcp.request protocol=jsonrpc method=tools/call tool=trace_path status=ok duration_ms=0
level=info msg=mcp.request protocol=jsonrpc method=tools/call tool=search_graph status=ok duration_ms=0
level=info msg=mcp.request protocol=jsonrpc method=tools/call tool=trace_path status=ok duration_ms=0
level=info msg=mcp.request protocol=jsonrpc method=tools/call tool=search_graph status=ok duration_ms=0
level=info msg=mcp.request protocol=jsonrpc method=tools/call tool=trace_path status=ok duration_ms=0
level=info msg=mcp.request protocol=jsonrpc method=tools/call tool=search_graph status=ok duration_ms=0
level=info msg=mcp.request protocol=jsonrpc method=tools/call tool=trace_path status=ok duration_ms=0
level=info msg=mcp.request protocol=jsonrpc method=tools/call tool=search_graph status=ok duration_ms=0
level=info msg=mcp.request protocol=jsonrpc method=tools/call tool=trace_path status=ok duration_ms=0
level=info msg=mcp.request protocol=jsonrpc method=tools/call tool=search_graph status=ok duration_ms=0
level=info msg=mcp.request protocol=jsonrpc method=tools/call tool=trace_path status=ok duration_ms=0
level=info msg=mcp.request protocol=jsonrpc method=tools/call tool=search_graph status=ok duration_ms=0
level=info msg=mcp.request protocol=jsonrpc method=tools/call tool=trace_path status=ok duration_ms=0
level=info msg=mcp.request protocol=jsonrpc method=tools/call tool=search_graph status=ok duration_ms=0
level=info msg=mcp.request protocol=jsonrpc method=tools/call tool=trace_path status=ok duration_ms=0
level=info msg=mcp.request protocol=jsonrpc method=tools/call tool=search_graph status=ok duration_ms=0
level=info msg=mcp.request protocol=jsonrpc method=tools/call tool=trace_path status=ok duration_ms=0
level=info msg=mcp.request protocol=jsonrpc method=tools/call tool=search_graph status=ok duration_ms=0
level=info msg=mcp.request protocol=jsonrpc method=tools/call tool=trace_path status=ok duration_ms=0
level=info msg=mcp.request protocol=jsonrpc method=tools/call tool=search_graph status=ok duration_ms=0
level=info msg=mcp.request protocol=jsonrpc method=tools/call tool=trace_path status=ok duration_ms=0
level=info msg=mcp.request protocol=jsonrpc method=tools/call tool=search_graph status=ok duration_ms=0
level=info msg=mcp.request protocol=jsonrpc method=tools/call tool=trace_path status=ok duration_ms=0
level=info msg=mcp.request protocol=jsonrpc method=tools/call tool=search_graph status=ok duration_ms=0
level=info msg=mcp.request protocol=jsonrpc method=tools/call tool=trace_path status=ok duration_ms=0
level=info msg=mcp.request protocol=jsonrpc method=tools/call tool=search_graph status=ok duration_ms=0
level=info msg=mcp.request protocol=jsonrpc method=tools/call tool=trace_path status=ok duration_ms=0
level=info msg=mcp.request protocol=jsonrpc method=tools/call tool=search_graph status=ok duration_ms=0
level=info msg=mcp.request protocol=jsonrpc method=tools/call tool=trace_path status=ok duration_ms=0
level=info msg=mcp.request protocol=jsonrpc method=tools/call tool=search_graph status=ok duration_ms=1
level=info msg=mcp.request protocol=jsonrpc method=tools/call tool=trace_path status=ok duration_ms=0
level=info msg=mcp.request protocol=jsonrpc method=tools/call tool=search_graph status=ok duration_ms=0
level=info msg=mcp.request protocol=jsonrpc method=tools/call tool=trace_path status=ok duration_ms=0
level=info msg=mcp.request protocol=jsonrpc method=tools/call tool=search_graph status=ok duration_ms=0
level=info msg=mcp.request protocol=jsonrpc method=tools/call tool=trace_path status=ok duration_ms=0
level=info msg=mcp.request protocol=jsonrpc method=tools/call tool=search_graph status=ok duration_ms=0
level=info msg=mcp.request protocol=jsonrpc method=tools/call tool=trace_path status=ok duration_ms=0
level=info msg=mcp.request protocol=jsonrpc method=tools/call tool=search_graph status=ok duration_ms=0
level=info msg=mcp.request protocol=jsonrpc method=tools/call tool=trace_path status=ok duration_ms=0
level=info msg=mcp.request protocol=jsonrpc method=tools/call tool=search_graph status=ok duration_ms=0
level=info msg=mcp.request protocol=jsonrpc method=tools/call tool=trace_path status=ok duration_ms=0
level=info msg=mcp.request protocol=jsonrpc method=tools/call tool=search_graph status=ok duration_ms=1
level=info msg=mcp.request protocol=jsonrpc method=tools/call tool=trace_path status=ok duration_ms=0
level=info msg=mcp.request protocol=jsonrpc method=tools/call tool=search_graph status=ok duration_ms=0
level=info msg=mcp.request protocol=jsonrpc method=tools/call tool=trace_path status=ok duration_ms=0
level=info msg=mcp.request protocol=jsonrpc method=tools/call tool=search_graph status=ok duration_ms=0
level=info msg=mcp.request protocol=jsonrpc method=tools/call tool=trace_path status=ok duration_ms=0
level=info msg=mcp.request protocol=jsonrpc method=tools/call tool=search_graph status=ok duration_ms=0
level=info msg=mcp.request protocol=jsonrpc method=tools/call tool=trace_path status=ok duration_ms=0
level=info msg=mcp.request protocol=jsonrpc method=tools/call tool=search_graph status=ok duration_ms=0
level=info msg=mcp.request protocol=jsonrpc method=tools/call tool=trace_path status=ok duration_ms=0
level=info msg=mcp.request protocol=jsonrpc method=tools/call tool=search_graph status=ok duration_ms=0
level=info msg=mcp.request protocol=jsonrpc method=tools/call tool=trace_path status=ok duration_ms=0
level=info msg=mcp.request protocol=jsonrpc method=tools/call tool=search_graph status=ok duration_ms=0
level=info msg=mcp.request protocol=jsonrpc method=tools/call tool=trace_path status=ok duration_ms=0
level=info msg=mcp.request protocol=jsonrpc method=tools/call tool=search_graph status=ok duration_ms=0
level=info msg=mcp.request protocol=jsonrpc method=tools/call tool=trace_path status=ok duration_ms=0
level=info msg=mcp.request protocol=jsonrpc method=tools/call tool=search_graph status=ok duration_ms=0
level=info msg=mcp.request protocol=jsonrpc method=tools/call tool=trace_path status=ok duration_ms=0
level=info msg=mcp.request protocol=jsonrpc method=tools/call tool=search_graph status=ok duration_ms=0
level=info msg=mcp.request protocol=jsonrpc method=tools/call tool=trace_path status=ok duration_ms=0
level=info msg=mcp.request protocol=jsonrpc method=tools/call tool=search_graph status=ok duration_ms=0
level=info msg=mcp.request protocol=jsonrpc method=tools/call tool=trace_path status=ok duration_ms=0
level=info msg=mcp.request protocol=jsonrpc method=tools/call tool=search_graph status=ok duration_ms=0
level=info msg=mcp.request protocol=jsonrpc method=tools/call tool=trace_path status=ok duration_ms=0
level=info msg=mcp.request protocol=jsonrpc method=tools/call tool=search_graph status=ok duration_ms=0
level=info msg=mcp.request protocol=jsonrpc method=tools/call tool=trace_path status=ok duration_ms=0
level=info msg=mcp.request protocol=jsonrpc method=tools/call tool=search_graph status=ok duration_ms=0
level=info msg=mcp.request protocol=jsonrpc method=tools/call tool=trace_path status=ok duration_ms=0
level=info msg=mcp.request protocol=jsonrpc method=tools/call tool=search_graph status=ok duration_ms=0
level=info msg=mcp.request protocol=jsonrpc method=tools/call tool=trace_path status=ok duration_ms=0
level=info msg=mcp.request protocol=jsonrpc method=tools/call tool=search_graph status=ok duration_ms=0
level=info msg=mcp.request protocol=jsonrpc method=tools/call tool=trace_path status=ok duration_ms=0
level=info msg=mcp.request protocol=jsonrpc method=tools/call tool=search_graph status=ok duration_ms=0
level=info msg=mcp.request protocol=jsonrpc method=tools/call tool=trace_path status=ok duration_ms=0
level=info msg=mcp.request protocol=jsonrpc method=tools/call tool=search_graph status=ok duration_ms=0
level=info msg=mcp.request protocol=jsonrpc method=tools/call tool=trace_path status=ok duration_ms=0
level=info msg=mcp.request protocol=jsonrpc method=tools/call tool=search_graph status=ok duration_ms=0
level=info msg=mcp.request protocol=jsonrpc method=tools/call tool=trace_path status=ok duration_ms=0
level=info msg=mcp.request protocol=jsonrpc method=tools/call tool=search_graph status=ok duration_ms=0
level=info msg=mcp.request protocol=jsonrpc method=tools/call tool=trace_path status=ok duration_ms=1
level=info msg=mcp.request protocol=jsonrpc method=tools/call tool=search_graph status=ok duration_ms=0
level=info msg=mcp.request protocol=jsonrpc method=tools/call tool=trace_path status=ok duration_ms=0
level=info msg=mcp.request protocol=jsonrpc method=tools/call tool=search_graph status=ok duration_ms=0
level=info msg=mcp.request protocol=jsonrpc method=tools/call tool=trace_path status=ok duration_ms=0
level=info msg=mcp.request protocol=jsonrpc method=tools/call tool=search_graph status=ok duration_ms=0
level=info msg=mcp.request protocol=jsonrpc method=tools/call tool=trace_path status=ok duration_ms=0
level=info msg=mcp.request protocol=jsonrpc method=tools/call tool=search_graph status=ok duration_ms=0
level=info msg=mcp.request protocol=jsonrpc method=tools/call tool=trace_path status=ok duration_ms=0
level=info msg=mcp.request protocol=jsonrpc method=tools/call tool=search_graph status=ok duration_ms=0
level=info msg=mcp.request protocol=jsonrpc method=tools/call tool=trace_path status=ok duration_ms=0
level=info msg=mcp.request protocol=jsonrpc method=tools/call tool=search_graph status=ok duration_ms=0
level=info msg=mcp.request protocol=jsonrpc method=tools/call tool=trace_path status=ok duration_ms=0
level=info msg=mcp.request protocol=jsonrpc method=tools/call tool=search_graph status=ok duration_ms=0
level=info msg=mcp.request protocol=jsonrpc method=tools/call tool=trace_path status=ok duration_ms=0
level=info msg=mcp.request protocol=jsonrpc method=tools/call tool=search_graph status=ok duration_ms=0
level=info msg=mcp.request protocol=jsonrpc method=tools/call tool=trace_path status=ok duration_ms=0
level=info msg=mcp.request protocol=jsonrpc method=tools/call tool=search_graph status=ok duration_ms=0
level=info msg=mcp.request protocol=jsonrpc method=tools/call tool=trace_path status=ok duration_ms=0
level=info msg=index.supervisor.reap outcome=clean exit_code=0 signal=0
level=info msg=mcp.request protocol=jsonrpc method=tools/call tool=index_repository status=ok duration_ms=1324
level=info msg=mcp.request protocol=jsonrpc method=tools/call tool=search_graph status=ok duration_ms=0
level=info msg=mcp.request protocol=jsonrpc method=tools/call tool=trace_path status=ok duration_ms=0
level=info msg=mcp.request protocol=jsonrpc method=tools/call tool=search_graph status=ok duration_ms=0
level=info msg=mcp.request protocol=jsonrpc method=tools/call tool=trace_path status=ok duration_ms=0
level=info msg=mcp.request protocol=jsonrpc method=tools/call tool=search_graph status=ok duration_ms=0
level=info msg=mcp.request protocol=jsonrpc method=tools/call tool=trace_path status=ok duration_ms=0
level=info msg=mcp.request protocol=jsonrpc method=tools/call tool=search_graph status=ok duration_ms=0
level=info msg=mcp.request protocol=jsonrpc method=tools/call tool=trace_path status=ok duration_ms=0
level=info msg=mcp.request protocol=jsonrpc method=tools/call tool=search_graph status=ok duration_ms=0
level=info msg=mcp.request protocol=jsonrpc method=tools/call tool=trace_path status=ok duration_ms=0
level=info msg=mcp.request protocol=jsonrpc method=tools/call tool=search_graph status=ok duration_ms=0
level=info msg=mcp.request protocol=jsonrpc method=tools/call tool=trace_path status=ok duration_ms=0
level=info msg=mcp.request protocol=jsonrpc method=tools/call tool=search_graph status=ok duration_ms=0
level=info msg=mcp.request protocol=jsonrpc method=tools/call tool=trace_path status=ok duration_ms=0
level=info msg=mcp.request protocol=jsonrpc method=tools/call tool=search_graph status=ok duration_ms=0
level=info msg=mcp.request protocol=jsonrpc method=tools/call tool=trace_path status=ok duration_ms=0
level=info msg=mcp.request protocol=jsonrpc method=tools/call tool=search_graph status=ok duration_ms=0
level=info msg=mcp.request protocol=jsonrpc method=tools/call tool=trace_path status=ok duration_ms=0
level=info msg=mcp.request protocol=jsonrpc method=tools/call tool=search_graph status=ok duration_ms=0
level=info msg=mcp.request protocol=jsonrpc method=tools/call tool=trace_path status=ok duration_ms=0
level=info msg=mcp.request protocol=jsonrpc method=tools/call tool=search_graph status=ok duration_ms=0
level=info msg=mcp.request protocol=jsonrpc method=tools/call tool=trace_path status=ok duration_ms=0
level=info msg=mcp.request protocol=jsonrpc method=tools/call tool=search_graph status=ok duration_ms=0
level=info msg=mcp.request protocol=jsonrpc method=tools/call tool=trace_path status=ok duration_ms=0
level=info msg=mcp.request protocol=jsonrpc method=tools/call tool=search_graph status=ok duration_ms=0
level=info msg=mcp.request protocol=jsonrpc method=tools/call tool=trace_path status=ok duration_ms=0
level=info msg=mcp.request protocol=jsonrpc method=tools/call tool=search_graph status=ok duration_ms=0
level=info msg=mcp.request protocol=jsonrpc method=tools/call tool=trace_path status=ok duration_ms=0
level=info msg=mcp.request protocol=jsonrpc method=tools/call tool=search_graph status=ok duration_ms=0
level=info msg=mcp.request protocol=jsonrpc method=tools/call tool=trace_path status=ok duration_ms=0
level=info msg=mcp.request protocol=jsonrpc method=tools/call tool=search_graph status=ok duration_ms=0
level=info msg=mcp.request protocol=jsonrpc method=tools/call tool=trace_path status=ok duration_ms=0
level=info msg=mcp.request protocol=jsonrpc method=tools/call tool=search_graph status=ok duration_ms=0
level=info msg=mcp.request protocol=jsonrpc method=tools/call tool=trace_path status=ok duration_ms=0
level=info msg=mcp.request protocol=jsonrpc method=tools/call tool=search_graph status=ok duration_ms=0
level=info msg=mcp.request protocol=jsonrpc method=tools/call tool=trace_path status=ok duration_ms=0
level=info msg=mcp.request protocol=jsonrpc method=tools/call tool=search_graph status=ok duration_ms=0
level=info msg=mcp.request protocol=jsonrpc method=tools/call tool=trace_path status=ok duration_ms=0
level=info msg=mcp.request protocol=jsonrpc method=tools/call tool=search_graph status=ok duration_ms=0
level=info msg=mcp.request protocol=jsonrpc method=tools/call tool=trace_path status=ok duration_ms=0
level=info msg=mcp.request protocol=jsonrpc method=tools/call tool=search_graph status=ok duration_ms=0
level=info msg=mcp.request protocol=jsonrpc method=tools/call tool=trace_path status=ok duration_ms=0
level=info msg=mcp.request protocol=jsonrpc method=tools/call tool=search_graph status=ok duration_ms=0
level=info msg=mcp.request protocol=jsonrpc method=tools/call tool=trace_path status=ok duration_ms=0
level=info msg=mcp.request protocol=jsonrpc method=tools/call tool=search_graph status=ok duration_ms=0
level=info msg=mcp.request protocol=jsonrpc method=tools/call tool=trace_path status=ok duration_ms=0
level=info msg=mcp.request protocol=jsonrpc method=tools/call tool=search_graph status=ok duration_ms=1
level=info msg=mcp.request protocol=jsonrpc method=tools/call tool=trace_path status=ok duration_ms=0
level=info msg=mcp.request protocol=jsonrpc method=tools/call tool=search_graph status=ok duration_ms=0
level=info msg=mcp.request protocol=jsonrpc method=tools/call tool=trace_path status=ok duration_ms=0
level=info msg=mcp.request protocol=jsonrpc method=tools/call tool=search_graph status=ok duration_ms=0
level=info msg=mcp.request protocol=jsonrpc method=tools/call tool=trace_path status=ok duration_ms=0
level=info msg=mcp.request protocol=jsonrpc method=tools/call tool=search_graph status=ok duration_ms=0
level=info msg=mcp.request protocol=jsonrpc method=tools/call tool=trace_path status=ok duration_ms=0
level=info msg=mcp.request protocol=jsonrpc method=tools/call tool=search_graph status=ok duration_ms=0
level=info msg=mcp.request protocol=jsonrpc method=tools/call tool=trace_path status=ok duration_ms=0
level=info msg=mcp.request protocol=jsonrpc method=tools/call tool=search_graph status=ok duration_ms=0
level=info msg=mcp.request protocol=jsonrpc method=tools/call tool=trace_path status=ok duration_ms=0
level=info msg=mcp.request protocol=jsonrpc method=tools/call tool=search_graph status=ok duration_ms=0
level=info msg=mcp.request protocol=jsonrpc method=tools/call tool=trace_path status=ok duration_ms=0
level=info msg=mcp.request protocol=jsonrpc method=tools/call tool=search_graph status=ok duration_ms=0
level=info msg=mcp.request protocol=jsonrpc method=tools/call tool=trace_path status=ok duration_ms=0
level=info msg=mcp.request protocol=jsonrpc method=tools/call tool=search_graph status=ok duration_ms=0
level=info msg=mcp.request protocol=jsonrpc method=tools/call tool=trace_path status=ok duration_ms=0
level=info msg=mcp.request protocol=jsonrpc method=tools/call tool=search_graph status=ok duration_ms=0
level=info msg=mcp.request protocol=jsonrpc method=tools/call tool=trace_path status=ok duration_ms=0
level=info msg=mcp.request protocol=jsonrpc method=tools/call tool=search_graph status=ok duration_ms=0
level=info msg=mcp.request protocol=jsonrpc method=tools/call tool=trace_path status=ok duration_ms=0
level=info msg=mcp.request protocol=jsonrpc method=tools/call tool=search_graph status=ok duration_ms=0
level=info msg=mcp.request protocol=jsonrpc method=tools/call tool=trace_path status=ok duration_ms=0
level=info msg=mcp.request protocol=jsonrpc method=tools/call tool=search_graph status=ok duration_ms=0
level=info msg=mcp.request protocol=jsonrpc method=tools/call tool=trace_path status=ok duration_ms=0
level=info msg=mcp.request protocol=jsonrpc method=tools/call tool=search_graph status=ok duration_ms=0
level=info msg=mcp.request protocol=jsonrpc method=tools/call tool=trace_path status=ok duration_ms=0
level=info msg=mcp.request protocol=jsonrpc method=tools/call tool=search_graph status=ok duration_ms=0
level=info msg=mcp.request protocol=jsonrpc method=tools/call tool=trace_path status=ok duration_ms=0
level=info msg=mcp.request protocol=jsonrpc method=tools/call tool=search_graph status=ok duration_ms=0
level=info msg=mcp.request protocol=jsonrpc method=tools/call tool=trace_path status=ok duration_ms=0
level=info msg=mcp.request protocol=jsonrpc method=tools/call tool=search_graph status=ok duration_ms=0
level=info msg=mcp.request protocol=jsonrpc method=tools/call tool=trace_path status=ok duration_ms=0
level=info msg=mcp.request protocol=jsonrpc method=tools/call tool=search_graph status=ok duration_ms=0
level=info msg=mcp.request protocol=jsonrpc method=tools/call tool=trace_path status=ok duration_ms=0
level=info msg=mcp.request protocol=jsonrpc method=tools/call tool=search_graph status=ok duration_ms=0
level=info msg=mcp.request protocol=jsonrpc method=tools/call tool=trace_path status=ok duration_ms=0
level=info msg=mcp.request protocol=jsonrpc method=tools/call tool=search_graph status=ok duration_ms=0
level=info msg=mcp.request protocol=jsonrpc method=tools/call tool=trace_path status=ok duration_ms=0
level=info msg=mcp.request protocol=jsonrpc method=tools/call tool=search_graph status=ok duration_ms=0
level=info msg=mcp.request protocol=jsonrpc method=tools/call tool=trace_path status=ok duration_ms=0
level=info msg=mcp.request protocol=jsonrpc method=tools/call tool=search_graph status=ok duration_ms=0
level=info msg=mcp.request protocol=jsonrpc method=tools/call tool=trace_path status=ok duration_ms=0
level=info msg=mcp.request protocol=jsonrpc method=tools/call tool=search_graph status=ok duration_ms=0
level=info msg=mcp.request protocol=jsonrpc method=tools/call tool=trace_path status=ok duration_ms=0
level=info msg=mcp.request protocol=jsonrpc method=tools/call tool=search_graph status=ok duration_ms=0
level=info msg=mcp.request protocol=jsonrpc method=tools/call tool=trace_path status=ok duration_ms=0
level=info msg=mcp.request protocol=jsonrpc method=tools/call tool=search_graph status=ok duration_ms=0
level=info msg=mcp.request protocol=jsonrpc method=tools/call tool=trace_path status=ok duration_ms=0
level=info msg=mcp.request protocol=jsonrpc method=tools/call tool=search_graph status=ok duration_ms=0
level=info msg=mcp.request protocol=jsonrpc method=tools/call tool=trace_path status=ok duration_ms=0
level=info msg=mcp.request protocol=jsonrpc method=tools/call tool=search_graph status=ok duration_ms=0
level=info msg=mcp.request protocol=jsonrpc method=tools/call tool=trace_path status=ok duration_ms=0
level=info msg=mcp.request protocol=jsonrpc method=tools/call tool=search_graph status=ok duration_ms=0
level=info msg=mcp.request protocol=jsonrpc method=tools/call tool=trace_path status=ok duration_ms=0
level=info msg=mcp.request protocol=jsonrpc method=tools/call tool=search_graph status=ok duration_ms=0
level=info msg=mcp.request protocol=jsonrpc method=tools/call tool=trace_path status=ok duration_ms=0
level=info msg=mcp.request protocol=jsonrpc method=tools/call tool=search_graph status=ok duration_ms=0
level=info msg=mcp.request protocol=jsonrpc method=tools/call tool=trace_path status=ok duration_ms=0
level=info msg=mcp.request protocol=jsonrpc method=tools/call tool=search_graph status=ok duration_ms=0
level=info msg=mcp.request protocol=jsonrpc method=tools/call tool=trace_path status=ok duration_ms=0
level=info msg=mcp.request protocol=jsonrpc method=tools/call tool=search_graph status=ok duration_ms=0
level=info msg=mcp.request protocol=jsonrpc method=tools/call tool=trace_path status=ok duration_ms=0
level=info msg=index.supervisor.reap outcome=clean exit_code=0 signal=0
level=info msg=mcp.request protocol=jsonrpc method=tools/call tool=index_repository status=ok duration_ms=1323
level=info msg=mcp.request protocol=jsonrpc method=tools/call tool=search_graph status=ok duration_ms=0
level=info msg=mcp.request protocol=jsonrpc method=tools/call tool=trace_path status=ok duration_ms=0
level=info msg=mcp.request protocol=jsonrpc method=tools/call tool=search_graph status=ok duration_ms=0
level=info msg=mcp.request protocol=jsonrpc method=tools/call tool=trace_path status=ok duration_ms=0
level=info msg=mcp.request protocol=jsonrpc method=tools/call tool=search_graph status=ok duration_ms=0
level=info msg=mcp.request protocol=jsonrpc method=tools/call tool=trace_path status=ok duration_ms=0
level=info msg=mcp.request protocol=jsonrpc method=tools/call tool=search_graph status=ok duration_ms=0
level=info msg=mcp.request protocol=jsonrpc method=tools/call tool=trace_path status=ok duration_ms=0
level=info msg=mcp.request protocol=jsonrpc method=tools/call tool=search_graph status=ok duration_ms=0
level=info msg=mcp.request protocol=jsonrpc method=tools/call tool=trace_path status=ok duration_ms=0
level=info msg=mcp.request protocol=jsonrpc method=tools/call tool=search_graph status=ok duration_ms=0
level=info msg=mcp.request protocol=jsonrpc method=tools/call tool=trace_path status=ok duration_ms=0
level=info msg=mcp.request protocol=jsonrpc method=tools/call tool=search_graph status=ok duration_ms=0
level=info msg=mcp.request protocol=jsonrpc method=tools/call tool=trace_path status=ok duration_ms=0
level=info msg=mcp.request protocol=jsonrpc method=tools/call tool=search_graph status=ok duration_ms=0
level=info msg=mcp.request protocol=jsonrpc method=tools/call tool=trace_path status=ok duration_ms=0
level=info msg=mcp.request protocol=jsonrpc method=tools/call tool=search_graph status=ok duration_ms=0
level=info msg=mcp.request protocol=jsonrpc method=tools/call tool=trace_path status=ok duration_ms=0
level=info msg=mcp.request protocol=jsonrpc method=tools/call tool=search_graph status=ok duration_ms=0
level=info msg=mcp.request protocol=jsonrpc method=tools/call tool=trace_path status=ok duration_ms=0
level=info msg=mcp.request protocol=jsonrpc method=tools/call tool=search_graph status=ok duration_ms=0
level=info msg=mcp.request protocol=jsonrpc method=tools/call tool=trace_path status=ok duration_ms=0
level=info msg=mcp.request protocol=jsonrpc method=tools/call tool=search_graph status=ok duration_ms=0
level=info msg=mcp.request protocol=jsonrpc method=tools/call tool=trace_path status=ok duration_ms=0
level=info msg=mcp.request protocol=jsonrpc method=tools/call tool=search_graph status=ok duration_ms=0
level=info msg=mcp.request protocol=jsonrpc method=tools/call tool=trace_path status=ok duration_ms=0
level=info msg=mcp.request protocol=jsonrpc method=tools/call tool=search_graph status=ok duration_ms=0
level=info msg=mcp.request protocol=jsonrpc method=tools/call tool=trace_path status=ok duration_ms=0
level=info msg=mcp.request protocol=jsonrpc method=tools/call tool=search_graph status=ok duration_ms=0
level=info msg=mcp.request protocol=jsonrpc method=tools/call tool=trace_path status=ok duration_ms=0
level=info msg=mcp.request protocol=jsonrpc method=tools/call tool=search_graph status=ok duration_ms=0
level=info msg=mcp.request protocol=jsonrpc method=tools/call tool=trace_path status=ok duration_ms=0
level=info msg=mcp.request protocol=jsonrpc method=tools/call tool=search_graph status=ok duration_ms=0
level=info msg=mcp.request protocol=jsonrpc method=tools/call tool=trace_path status=ok duration_ms=0
level=info msg=mcp.request protocol=jsonrpc method=tools/call tool=search_graph status=ok duration_ms=0
level=info msg=mcp.request protocol=jsonrpc method=tools/call tool=trace_path status=ok duration_ms=0
level=info msg=mcp.request protocol=jsonrpc method=tools/call tool=search_graph status=ok duration_ms=0
level=info msg=mcp.request protocol=jsonrpc method=tools/call tool=trace_path status=ok duration_ms=0
level=info msg=mcp.request protocol=jsonrpc method=tools/call tool=search_graph status=ok duration_ms=0
level=info msg=mcp.request protocol=jsonrpc method=tools/call tool=trace_path status=ok duration_ms=0
level=info msg=mcp.request protocol=jsonrpc method=tools/call tool=search_graph status=ok duration_ms=0
level=info msg=mcp.request protocol=jsonrpc method=tools/call tool=trace_path status=ok duration_ms=0
level=info msg=mcp.request protocol=jsonrpc method=tools/call tool=search_graph status=ok duration_ms=0
level=info msg=mcp.request protocol=jsonrpc method=tools/call tool=trace_path status=ok duration_ms=0
level=info msg=mcp.request protocol=jsonrpc method=tools/call tool=search_graph status=ok duration_ms=0
level=info msg=mcp.request protocol=jsonrpc method=tools/call tool=trace_path status=ok duration_ms=0
level=info msg=mcp.request protocol=jsonrpc method=tools/call tool=search_graph status=ok duration_ms=0
level=info msg=mcp.request protocol=jsonrpc method=tools/call tool=trace_path status=ok duration_ms=0
level=info msg=mcp.request protocol=jsonrpc method=tools/call tool=search_graph status=ok duration_ms=0
level=info msg=mcp.request protocol=jsonrpc method=tools/call tool=trace_path status=ok duration_ms=0
level=info msg=mcp.request protocol=jsonrpc method=tools/call tool=search_graph status=ok duration_ms=0
level=info msg=mcp.request protocol=jsonrpc method=tools/call tool=trace_path status=ok duration_ms=0
level=info msg=mcp.request protocol=jsonrpc method=tools/call tool=search_graph status=ok duration_ms=0
level=info msg=mcp.request protocol=jsonrpc method=tools/call tool=trace_path status=ok duration_ms=0
level=info msg=mcp.request protocol=jsonrpc method=tools/call tool=search_graph status=ok duration_ms=0
level=info msg=mcp.request protocol=jsonrpc method=tools/call tool=trace_path status=ok duration_ms=0
level=info msg=mcp.request protocol=jsonrpc method=tools/call tool=search_graph status=ok duration_ms=0
level=info msg=mcp.request protocol=jsonrpc method=tools/call tool=trace_path status=ok duration_ms=0
level=info msg=mcp.request protocol=jsonrpc method=tools/call tool=search_graph status=ok duration_ms=0
level=info msg=mcp.request protocol=jsonrpc method=tools/call tool=trace_path status=ok duration_ms=0
level=info msg=mcp.request protocol=jsonrpc method=tools/call tool=search_graph status=ok duration_ms=0
level=info msg=mcp.request protocol=jsonrpc method=tools/call tool=trace_path status=ok duration_ms=0
level=info msg=mcp.request protocol=jsonrpc method=tools/call tool=search_graph status=ok duration_ms=0
level=info msg=mcp.request protocol=jsonrpc method=tools/call tool=trace_path status=ok duration_ms=0
level=info msg=mcp.request protocol=jsonrpc method=tools/call tool=search_graph status=ok duration_ms=0
level=info msg=mcp.request protocol=jsonrpc method=tools/call tool=trace_path status=ok duration_ms=0
level=info msg=mcp.request protocol=jsonrpc method=tools/call tool=search_graph status=ok duration_ms=0
level=info msg=mcp.request protocol=jsonrpc method=tools/call tool=trace_path status=ok duration_ms=0
level=info msg=mcp.request protocol=jsonrpc method=tools/call tool=search_graph status=ok duration_ms=0
level=info msg=mcp.request protocol=jsonrpc method=tools/call tool=trace_path status=ok duration_ms=0
level=info msg=mcp.request protocol=jsonrpc method=tools/call tool=search_graph status=ok duration_ms=0
level=info msg=mcp.request protocol=jsonrpc method=tools/call tool=trace_path status=ok duration_ms=0
level=info msg=mcp.request protocol=jsonrpc method=tools/call tool=search_graph status=ok duration_ms=0
level=info msg=mcp.request protocol=jsonrpc method=tools/call tool=trace_path status=ok duration_ms=0
level=info msg=mcp.request protocol=jsonrpc method=tools/call tool=search_graph status=ok duration_ms=0
level=info msg=mcp.request protocol=jsonrpc method=tools/call tool=trace_path status=ok duration_ms=0
level=info msg=mcp.request protocol=jsonrpc method=tools/call tool=search_graph status=ok duration_ms=0
level=info msg=mcp.request protocol=jsonrpc method=tools/call tool=trace_path status=ok duration_ms=0
level=info msg=mcp.request protocol=jsonrpc method=tools/call tool=search_graph status=ok duration_ms=0
level=info msg=mcp.request protocol=jsonrpc method=tools/call tool=trace_path status=ok duration_ms=0
level=info msg=mcp.request protocol=jsonrpc method=tools/call tool=search_graph status=ok duration_ms=0
level=info msg=mcp.request protocol=jsonrpc method=tools/call tool=trace_path status=ok duration_ms=0
level=info msg=mcp.request protocol=jsonrpc method=tools/call tool=search_graph status=ok duration_ms=0
level=info msg=mcp.request protocol=jsonrpc method=tools/call tool=trace_path status=ok duration_ms=0
level=info msg=mcp.request protocol=jsonrpc method=tools/call tool=search_graph status=ok duration_ms=0
level=info msg=mcp.request protocol=jsonrpc method=tools/call tool=trace_path status=ok duration_ms=0
level=info msg=mcp.request protocol=jsonrpc method=tools/call tool=search_graph status=ok duration_ms=0
level=info msg=mcp.request protocol=jsonrpc method=tools/call tool=trace_path status=ok duration_ms=0
level=info msg=mcp.request protocol=jsonrpc method=tools/call tool=search_graph status=ok duration_ms=0
level=info msg=mcp.request protocol=jsonrpc method=tools/call tool=trace_path status=ok duration_ms=0
level=info msg=mcp.request protocol=jsonrpc method=tools/call tool=search_graph status=ok duration_ms=0
level=info msg=mcp.request protocol=jsonrpc method=tools/call tool=trace_path status=ok duration_ms=0
level=info msg=mcp.request protocol=jsonrpc method=tools/call tool=search_graph status=ok duration_ms=0
level=info msg=mcp.request protocol=jsonrpc method=tools/call tool=trace_path status=ok duration_ms=0
level=info msg=mcp.request protocol=jsonrpc method=tools/call tool=search_graph status=ok duration_ms=0
level=info msg=mcp.request protocol=jsonrpc method=tools/call tool=trace_path status=ok duration_ms=0
level=info msg=mcp.request protocol=jsonrpc method=tools/call tool=search_graph status=ok duration_ms=0
level=info msg=mcp.request protocol=jsonrpc method=tools/call tool=trace_path status=ok duration_ms=0
level=info msg=mcp.request protocol=jsonrpc method=tools/call tool=search_graph status=ok duration_ms=0
level=info msg=mcp.request protocol=jsonrpc method=tools/call tool=trace_path status=ok duration_ms=0
level=info msg=mcp.request protocol=jsonrpc method=tools/call tool=search_graph status=ok duration_ms=0
level=info msg=mcp.request protocol=jsonrpc method=tools/call tool=trace_path status=ok duration_ms=0
level=info msg=mcp.request protocol=jsonrpc method=tools/call tool=search_graph status=ok duration_ms=0
level=info msg=mcp.request protocol=jsonrpc method=tools/call tool=trace_path status=ok duration_ms=0
level=info msg=mcp.request protocol=jsonrpc method=tools/call tool=search_graph status=ok duration_ms=0
level=info msg=mcp.request protocol=jsonrpc method=tools/call tool=trace_path status=ok duration_ms=0
level=info msg=mcp.request protocol=jsonrpc method=tools/call tool=search_graph status=ok duration_ms=0
level=info msg=mcp.request protocol=jsonrpc method=tools/call tool=trace_path status=ok duration_ms=0
level=info msg=mcp.request protocol=jsonrpc method=tools/call tool=search_graph status=ok duration_ms=0
level=info msg=mcp.request protocol=jsonrpc method=tools/call tool=trace_path status=ok duration_ms=0
level=info msg=mcp.request protocol=jsonrpc method=tools/call tool=search_graph status=ok duration_ms=1
level=info msg=mcp.request protocol=jsonrpc method=tools/call tool=trace_path status=ok duration_ms=0
level=info msg=index.supervisor.reap outcome=clean exit_code=0 signal=0
level=info msg=mcp.request protocol=jsonrpc method=tools/call tool=index_repository status=ok duration_ms=1321
level=info msg=mcp.request protocol=jsonrpc method=tools/call tool=search_graph status=ok duration_ms=0
level=info msg=mcp.request protocol=jsonrpc method=tools/call tool=trace_path status=ok duration_ms=0
level=info msg=mcp.request protocol=jsonrpc method=tools/call tool=search_graph status=ok duration_ms=0
level=info msg=mcp.request protocol=jsonrpc method=tools/call tool=trace_path status=ok duration_ms=0
level=info msg=mcp.request protocol=jsonrpc method=tools/call tool=search_graph status=ok duration_ms=0
level=info msg=mcp.request protocol=jsonrpc method=tools/call tool=trace_path status=ok duration_ms=0
level=info msg=mcp.request protocol=jsonrpc method=tools/call tool=search_graph status=ok duration_ms=0
level=info msg=mcp.request protocol=jsonrpc method=tools/call tool=trace_path status=ok duration_ms=0
level=info msg=mcp.request protocol=jsonrpc method=tools/call tool=search_graph status=ok duration_ms=1
level=info msg=mcp.request protocol=jsonrpc method=tools/call tool=trace_path status=ok duration_ms=0
level=info msg=mcp.request protocol=jsonrpc method=tools/call tool=search_graph status=ok duration_ms=0
level=info msg=mcp.request protocol=jsonrpc method=tools/call tool=trace_path status=ok duration_ms=0
level=info msg=mcp.request protocol=jsonrpc method=tools/call tool=search_graph status=ok duration_ms=0
level=info msg=mcp.request protocol=jsonrpc method=tools/call tool=trace_path status=ok duration_ms=0
level=info msg=mcp.request protocol=jsonrpc method=tools/call tool=search_graph status=ok duration_ms=0
level=info msg=mcp.request protocol=jsonrpc method=tools/call tool=trace_path status=ok duration_ms=0
level=info msg=mcp.request protocol=jsonrpc method=tools/call tool=search_graph status=ok duration_ms=0
level=info msg=mcp.request protocol=jsonrpc method=tools/call tool=trace_path status=ok duration_ms=0
level=info msg=mcp.request protocol=jsonrpc method=tools/call tool=search_graph status=ok duration_ms=0
level=info msg=mcp.request protocol=jsonrpc method=tools/call tool=trace_path status=ok duration_ms=0
level=info msg=mcp.request protocol=jsonrpc method=tools/call tool=search_graph status=ok duration_ms=0
level=info msg=mcp.request protocol=jsonrpc method=tools/call tool=trace_path status=ok duration_ms=0
level=info msg=mcp.request protocol=jsonrpc method=tools/call tool=search_graph status=ok duration_ms=0
level=info msg=mcp.request protocol=jsonrpc method=tools/call tool=trace_path status=ok duration_ms=0
level=info msg=mcp.request protocol=jsonrpc method=tools/call tool=search_graph status=ok duration_ms=0
level=info msg=mcp.request protocol=jsonrpc method=tools/call tool=trace_path status=ok duration_ms=0
level=info msg=mcp.request protocol=jsonrpc method=tools/call tool=search_graph status=ok duration_ms=0
level=info msg=mcp.request protocol=jsonrpc method=tools/call tool=trace_path status=ok duration_ms=0
level=info msg=mcp.request protocol=jsonrpc method=tools/call tool=search_graph status=ok duration_ms=0
level=info msg=mcp.request protocol=jsonrpc method=tools/call tool=trace_path status=ok duration_ms=0
level=info msg=mcp.request protocol=jsonrpc method=tools/call tool=search_graph status=ok duration_ms=0
level=info msg=mcp.request protocol=jsonrpc method=tools/call tool=trace_path status=ok duration_ms=0
level=info msg=mcp.request protocol=jsonrpc method=tools/call tool=search_graph status=ok duration_ms=0
level=info msg=mcp.request protocol=jsonrpc method=tools/call tool=trace_path status=ok duration_ms=0
level=info msg=mcp.request protocol=jsonrpc method=tools/call tool=search_graph status=ok duration_ms=0
level=info msg=mcp.request protocol=jsonrpc method=tools/call tool=trace_path status=ok duration_ms=0
level=info msg=mcp.request protocol=jsonrpc method=tools/call tool=search_graph status=ok duration_ms=0
level=info msg=mcp.request protocol=jsonrpc method=tools/call tool=trace_path status=ok duration_ms=0
level=info msg=mcp.request protocol=jsonrpc method=tools/call tool=search_graph status=ok duration_ms=0
level=info msg=mcp.request protocol=jsonrpc method=tools/call tool=trace_path status=ok duration_ms=0
level=info msg=mcp.request protocol=jsonrpc method=tools/call tool=search_graph status=ok duration_ms=0
level=info msg=mcp.request protocol=jsonrpc method=tools/call tool=trace_path status=ok duration_ms=0
level=info msg=mcp.request protocol=jsonrpc method=tools/call tool=search_graph status=ok duration_ms=0
level=info msg=mcp.request protocol=jsonrpc method=tools/call tool=trace_path status=ok duration_ms=0
level=info msg=mcp.request protocol=jsonrpc method=tools/call tool=search_graph status=ok duration_ms=0
level=info msg=mcp.request protocol=jsonrpc method=tools/call tool=trace_path status=ok duration_ms=0
level=info msg=mcp.request protocol=jsonrpc method=tools/call tool=search_graph status=ok duration_ms=0
level=info msg=mcp.request protocol=jsonrpc method=tools/call tool=trace_path status=ok duration_ms=0
level=info msg=mcp.request protocol=jsonrpc method=tools/call tool=search_graph status=ok duration_ms=0
level=info msg=mcp.request protocol=jsonrpc method=tools/call tool=trace_path status=ok duration_ms=0
level=info msg=mcp.request protocol=jsonrpc method=tools/call tool=search_graph status=ok duration_ms=0
level=info msg=mcp.request protocol=jsonrpc method=tools/call tool=trace_path status=ok duration_ms=0
level=info msg=mcp.request protocol=jsonrpc method=tools/call tool=search_graph status=ok duration_ms=0
level=info msg=mcp.request protocol=jsonrpc method=tools/call tool=trace_path status=ok duration_ms=0
level=info msg=mcp.request protocol=jsonrpc method=tools/call tool=search_graph status=ok duration_ms=0
level=info msg=mcp.request protocol=jsonrpc method=tools/call tool=trace_path status=ok duration_ms=0
level=info msg=mcp.request protocol=jsonrpc method=tools/call tool=search_graph status=ok duration_ms=0
level=info msg=mcp.request protocol=jsonrpc method=tools/call tool=trace_path status=ok duration_ms=0
level=info msg=mcp.request protocol=jsonrpc method=tools/call tool=search_graph status=ok duration_ms=0
level=info msg=mcp.request protocol=jsonrpc method=tools/call tool=trace_path status=ok duration_ms=0
level=info msg=mcp.request protocol=jsonrpc method=tools/call tool=search_graph status=ok duration_ms=0
level=info msg=mcp.request protocol=jsonrpc method=tools/call tool=trace_path status=ok duration_ms=0
level=info msg=mcp.request protocol=jsonrpc method=tools/call tool=search_graph status=ok duration_ms=0
level=info msg=mcp.request protocol=jsonrpc method=tools/call tool=trace_path status=ok duration_ms=0
level=info msg=mcp.request protocol=jsonrpc method=tools/call tool=search_graph status=ok duration_ms=0
level=info msg=mcp.request protocol=jsonrpc method=tools/call tool=trace_path status=ok duration_ms=0
level=info msg=mcp.request protocol=jsonrpc method=tools/call tool=search_graph status=ok duration_ms=0
level=info msg=mcp.request protocol=jsonrpc method=tools/call tool=trace_path status=ok duration_ms=0
level=info msg=mcp.request protocol=jsonrpc method=tools/call tool=search_graph status=ok duration_ms=0
level=info msg=mcp.request protocol=jsonrpc method=tools/call tool=trace_path status=ok duration_ms=0
level=info msg=mcp.request protocol=jsonrpc method=tools/call tool=search_graph status=ok duration_ms=0
level=info msg=mcp.request protocol=jsonrpc method=tools/call tool=trace_path status=ok duration_ms=0
level=info msg=mcp.request protocol=jsonrpc method=tools/call tool=search_graph status=ok duration_ms=0
level=info msg=mcp.request protocol=jsonrpc method=tools/call tool=trace_path status=ok duration_ms=0
level=info msg=mcp.request protocol=jsonrpc method=tools/call tool=search_graph status=ok duration_ms=0
level=info msg=mcp.request protocol=jsonrpc method=tools/call tool=trace_path status=ok duration_ms=0
level=info msg=mcp.request protocol=jsonrpc method=tools/call tool=search_graph status=ok duration_ms=0
level=info msg=mcp.request protocol=jsonrpc method=tools/call tool=trace_path status=ok duration_ms=0
level=info msg=mcp.request protocol=jsonrpc method=tools/call tool=search_graph status=ok duration_ms=0
level=info msg=mcp.request protocol=jsonrpc method=tools/call tool=trace_path status=ok duration_ms=0
level=info msg=mcp.request protocol=jsonrpc method=tools/call tool=search_graph status=ok duration_ms=0
level=info msg=mcp.request protocol=jsonrpc method=tools/call tool=trace_path status=ok duration_ms=0
level=info msg=mcp.request protocol=jsonrpc method=tools/call tool=search_graph status=ok duration_ms=0
level=info msg=mcp.request protocol=jsonrpc method=tools/call tool=trace_path status=ok duration_ms=1
level=info msg=mcp.request protocol=jsonrpc method=tools/call tool=search_graph status=ok duration_ms=0
level=info msg=mcp.request protocol=jsonrpc method=tools/call tool=trace_path status=ok duration_ms=0
level=info msg=mcp.request protocol=jsonrpc method=tools/call tool=search_graph status=ok duration_ms=0
level=info msg=mcp.request protocol=jsonrpc method=tools/call tool=trace_path status=ok duration_ms=0
level=info msg=mcp.request protocol=jsonrpc method=tools/call tool=search_graph status=ok duration_ms=1
level=info msg=mcp.request protocol=jsonrpc method=tools/call tool=trace_path status=ok duration_ms=0
level=info msg=mcp.request protocol=jsonrpc method=tools/call tool=search_graph status=ok duration_ms=0
level=info msg=mcp.request protocol=jsonrpc method=tools/call tool=trace_path status=ok duration_ms=0
level=info msg=mcp.request protocol=jsonrpc method=tools/call tool=search_graph status=ok duration_ms=0
level=info msg=mcp.request protocol=jsonrpc method=tools/call tool=trace_path status=ok duration_ms=0
level=info msg=mcp.request protocol=jsonrpc method=tools/call tool=search_graph status=ok duration_ms=0
level=info msg=mcp.request protocol=jsonrpc method=tools/call tool=trace_path status=ok duration_ms=0
level=info msg=mcp.request protocol=jsonrpc method=tools/call tool=search_graph status=ok duration_ms=0
level=info msg=mcp.request protocol=jsonrpc method=tools/call tool=trace_path status=ok duration_ms=0
level=info msg=mcp.request protocol=jsonrpc method=tools/call tool=search_graph status=ok duration_ms=1
level=info msg=mcp.request protocol=jsonrpc method=tools/call tool=trace_path status=ok duration_ms=0
level=info msg=mcp.request protocol=jsonrpc method=tools/call tool=search_graph status=ok duration_ms=1
level=info msg=mcp.request protocol=jsonrpc method=tools/call tool=trace_path status=ok duration_ms=0
level=info msg=mcp.request protocol=jsonrpc method=tools/call tool=search_graph status=ok duration_ms=0
level=info msg=mcp.request protocol=jsonrpc method=tools/call tool=trace_path status=ok duration_ms=0
level=info msg=mcp.request protocol=jsonrpc method=tools/call tool=search_graph status=ok duration_ms=0
level=info msg=mcp.request protocol=jsonrpc method=tools/call tool=trace_path status=ok duration_ms=0
level=info msg=mcp.request protocol=jsonrpc method=tools/call tool=search_graph status=ok duration_ms=0
level=info msg=mcp.request protocol=jsonrpc method=tools/call tool=trace_path status=ok duration_ms=0
level=info msg=mcp.request protocol=jsonrpc method=tools/call tool=search_graph status=ok duration_ms=0
level=info msg=mcp.request protocol=jsonrpc method=tools/call tool=trace_path status=ok duration_ms=0
level=info msg=index.supervisor.reap outcome=clean exit_code=0 signal=0
level=info msg=mcp.request protocol=jsonrpc method=tools/call tool=index_repository status=ok duration_ms=1365
level=info msg=mcp.request protocol=jsonrpc method=tools/call tool=search_graph status=ok duration_ms=0
level=info msg=mcp.request protocol=jsonrpc method=tools/call tool=trace_path status=ok duration_ms=0
level=info msg=mcp.request protocol=jsonrpc method=tools/call tool=search_graph status=ok duration_ms=0
level=info msg=mcp.request protocol=jsonrpc method=tools/call tool=trace_path status=ok duration_ms=0
level=info msg=mcp.request protocol=jsonrpc method=tools/call tool=search_graph status=ok duration_ms=0
level=info msg=mcp.request protocol=jsonrpc method=tools/call tool=trace_path status=ok duration_ms=0
level=info msg=mcp.request protocol=jsonrpc method=tools/call tool=search_graph status=ok duration_ms=1
level=info msg=mcp.request protocol=jsonrpc method=tools/call tool=trace_path status=ok duration_ms=0
level=info msg=mcp.request protocol=jsonrpc method=tools/call tool=search_graph status=ok duration_ms=0
level=info msg=mcp.request protocol=jsonrpc method=tools/call tool=trace_path status=ok duration_ms=0
level=info msg=mcp.request protocol=jsonrpc method=tools/call tool=search_graph status=ok duration_ms=0
level=info msg=mcp.request protocol=jsonrpc method=tools/call tool=trace_path status=ok duration_ms=0
level=info msg=mcp.request protocol=jsonrpc method=tools/call tool=search_graph status=ok duration_ms=1
level=info msg=mcp.request protocol=jsonrpc method=tools/call tool=trace_path status=ok duration_ms=0
level=info msg=mcp.request protocol=jsonrpc method=tools/call tool=search_graph status=ok duration_ms=1
level=info msg=mcp.request protocol=jsonrpc method=tools/call tool=trace_path status=ok duration_ms=0
level=info msg=mcp.request protocol=jsonrpc method=tools/call tool=search_graph status=ok duration_ms=0
level=info msg=mcp.request protocol=jsonrpc method=tools/call tool=trace_path status=ok duration_ms=1
level=info msg=mcp.request protocol=jsonrpc method=tools/call tool=search_graph status=ok duration_ms=1
level=info msg=mcp.request protocol=jsonrpc method=tools/call tool=trace_path status=ok duration_ms=0
level=info msg=mcp.request protocol=jsonrpc method=tools/call tool=search_graph status=ok duration_ms=0
level=info msg=mcp.request protocol=jsonrpc method=tools/call tool=trace_path status=ok duration_ms=0
level=info msg=mcp.request protocol=jsonrpc method=tools/call tool=search_graph status=ok duration_ms=0
level=info msg=mcp.request protocol=jsonrpc method=tools/call tool=trace_path status=ok duration_ms=0
level=info msg=mcp.request protocol=jsonrpc method=tools/call tool=search_graph status=ok duration_ms=0
level=info msg=mcp.request protocol=jsonrpc method=tools/call tool=trace_path status=ok duration_ms=0
level=info msg=mcp.request protocol=jsonrpc method=tools/call tool=search_graph status=ok duration_ms=0
level=info msg=mcp.request protocol=jsonrpc method=tools/call tool=trace_path status=ok duration_ms=0
level=info msg=mcp.request protocol=jsonrpc method=tools/call tool=search_graph status=ok duration_ms=0
level=info msg=mcp.request protocol=jsonrpc method=tools/call tool=trace_path status=ok duration_ms=0
level=info msg=mcp.request protocol=jsonrpc method=tools/call tool=search_graph status=ok duration_ms=0
level=info msg=mcp.request protocol=jsonrpc method=tools/call tool=trace_path status=ok duration_ms=0
level=info msg=mcp.request protocol=jsonrpc method=tools/call tool=search_graph status=ok duration_ms=0
level=info msg=mcp.request protocol=jsonrpc method=tools/call tool=trace_path status=ok duration_ms=0
level=info msg=mcp.request protocol=jsonrpc method=tools/call tool=search_graph status=ok duration_ms=0
level=info msg=mcp.request protocol=jsonrpc method=tools/call tool=trace_path status=ok duration_ms=0
level=info msg=mcp.request protocol=jsonrpc method=tools/call tool=search_graph status=ok duration_ms=0
level=info msg=mcp.request protocol=jsonrpc method=tools/call tool=trace_path status=ok duration_ms=0
level=info msg=mcp.request protocol=jsonrpc method=tools/call tool=search_graph status=ok duration_ms=0
level=info msg=mcp.request protocol=jsonrpc method=tools/call tool=trace_path status=ok duration_ms=0
level=info msg=mcp.request protocol=jsonrpc method=tools/call tool=search_graph status=ok duration_ms=0
level=info msg=mcp.request protocol=jsonrpc method=tools/call tool=trace_path status=ok duration_ms=1
level=info msg=mcp.request protocol=jsonrpc method=tools/call tool=search_graph status=ok duration_ms=0
level=info msg=mcp.request protocol=jsonrpc method=tools/call tool=trace_path status=ok duration_ms=0
level=info msg=mcp.request protocol=jsonrpc method=tools/call tool=search_graph status=ok duration_ms=0
level=info msg=mcp.request protocol=jsonrpc method=tools/call tool=trace_path status=ok duration_ms=0
level=info msg=mcp.request protocol=jsonrpc method=tools/call tool=search_graph status=ok duration_ms=1
level=info msg=mcp.request protocol=jsonrpc method=tools/call tool=trace_path status=ok duration_ms=0
level=info msg=mcp.request protocol=jsonrpc method=tools/call tool=search_graph status=ok duration_ms=1
level=info msg=mcp.request protocol=jsonrpc method=tools/call tool=trace_path status=ok duration_ms=0
level=info msg=mcp.request protocol=jsonrpc method=tools/call tool=search_graph status=ok duration_ms=1
level=info msg=mcp.request protocol=jsonrpc method=tools/call tool=trace_path status=ok duration_ms=0
level=info msg=mcp.request protocol=jsonrpc method=tools/call tool=search_graph status=ok duration_ms=0
level=info msg=mcp.request protocol=jsonrpc method=tools/call tool=trace_path status=ok duration_ms=0
level=info msg=mcp.request protocol=jsonrpc method=tools/call tool=search_graph status=ok duration_ms=1
level=info msg=mcp.request protocol=jsonrpc method=tools/call tool=trace_path status=ok duration_ms=0
level=info msg=mcp.request protocol=jsonrpc method=tools/call tool=search_graph status=ok duration_ms=1
level=info msg=mcp.request protocol=jsonrpc method=tools/call tool=trace_path status=ok duration_ms=0
level=info msg=mcp.request protocol=jsonrpc method=tools/call tool=search_graph status=ok duration_ms=0
level=info msg=mcp.request protocol=jsonrpc method=tools/call tool=trace_path status=ok duration_ms=0
level=info msg=mcp.request protocol=jsonrpc method=tools/call tool=search_graph status=ok duration_ms=1
level=info msg=mcp.request protocol=jsonrpc method=tools/call tool=trace_path status=ok duration_ms=0
level=info msg=mcp.request protocol=jsonrpc method=tools/call tool=search_graph status=ok duration_ms=0
level=info msg=mcp.request protocol=jsonrpc method=tools/call tool=trace_path status=ok duration_ms=0
level=info msg=mcp.request protocol=jsonrpc method=tools/call tool=search_graph status=ok duration_ms=0
level=info msg=mcp.request protocol=jsonrpc method=tools/call tool=trace_path status=ok duration_ms=0
level=info msg=mcp.request protocol=jsonrpc method=tools/call tool=search_graph status=ok duration_ms=0
level=info msg=mcp.request protocol=jsonrpc method=tools/call tool=trace_path status=ok duration_ms=0
level=info msg=mcp.request protocol=jsonrpc method=tools/call tool=search_graph status=ok duration_ms=0
level=info msg=mcp.request protocol=jsonrpc method=tools/call tool=trace_path status=ok duration_ms=0
level=info msg=mcp.request protocol=jsonrpc method=tools/call tool=search_graph status=ok duration_ms=0
level=info msg=mcp.request protocol=jsonrpc method=tools/call tool=trace_path status=ok duration_ms=0
level=info msg=mcp.request protocol=jsonrpc method=tools/call tool=search_graph status=ok duration_ms=1
level=info msg=mcp.request protocol=jsonrpc method=tools/call tool=trace_path status=ok duration_ms=0
level=info msg=mcp.request protocol=jsonrpc method=tools/call tool=search_graph status=ok duration_ms=0
level=info msg=mcp.request protocol=jsonrpc method=tools/call tool=trace_path status=ok duration_ms=0
level=info msg=mcp.request protocol=jsonrpc method=tools/call tool=search_graph status=ok duration_ms=0
level=info msg=mcp.request protocol=jsonrpc method=tools/call tool=trace_path status=ok duration_ms=0
level=info msg=mcp.request protocol=jsonrpc method=tools/call tool=search_graph status=ok duration_ms=0
level=info msg=mcp.request protocol=jsonrpc method=tools/call tool=trace_path status=ok duration_ms=0
level=info msg=mcp.request protocol=jsonrpc method=tools/call tool=search_graph status=ok duration_ms=1
level=info msg=mcp.request protocol=jsonrpc method=tools/call tool=trace_path status=ok duration_ms=0
level=info msg=mcp.request protocol=jsonrpc method=tools/call tool=search_graph status=ok duration_ms=0
level=info msg=mcp.request protocol=jsonrpc method=tools/call tool=trace_path status=ok duration_ms=0
level=info msg=mcp.request protocol=jsonrpc method=tools/call tool=search_graph status=ok duration_ms=0
level=info msg=mcp.request protocol=jsonrpc method=tools/call tool=trace_path status=ok duration_ms=0
level=info msg=mcp.request protocol=jsonrpc method=tools/call tool=search_graph status=ok duration_ms=0
level=info msg=mcp.request protocol=jsonrpc method=tools/call tool=trace_path status=ok duration_ms=0
level=info msg=mcp.request protocol=jsonrpc method=tools/call tool=search_graph status=ok duration_ms=0
level=info msg=mcp.request protocol=jsonrpc method=tools/call tool=trace_path status=ok duration_ms=0
level=info msg=mcp.request protocol=jsonrpc method=tools/call tool=search_graph status=ok duration_ms=0
level=info msg=mcp.request protocol=jsonrpc method=tools/call tool=trace_path status=ok duration_ms=0
level=info msg=mcp.request protocol=jsonrpc method=tools/call tool=search_graph status=ok duration_ms=0
level=info msg=mcp.request protocol=jsonrpc method=tools/call tool=trace_path status=ok duration_ms=0
level=info msg=mcp.request protocol=jsonrpc method=tools/call tool=search_graph status=ok duration_ms=0
level=info msg=mcp.request protocol=jsonrpc method=tools/call tool=trace_path status=ok duration_ms=0
level=info msg=mcp.request protocol=jsonrpc method=tools/call tool=search_graph status=ok duration_ms=1
level=info msg=mcp.request protocol=jsonrpc method=tools/call tool=trace_path status=ok duration_ms=0
level=info msg=mcp.request protocol=jsonrpc method=tools/call tool=search_graph status=ok duration_ms=0
level=info msg=mcp.request protocol=jsonrpc method=tools/call tool=trace_path status=ok duration_ms=0
level=info msg=mcp.request protocol=jsonrpc method=tools/call tool=search_graph status=ok duration_ms=0
level=info msg=mcp.request protocol=jsonrpc method=tools/call tool=trace_path status=ok duration_ms=0
level=info msg=mcp.request protocol=jsonrpc method=tools/call tool=search_graph status=ok duration_ms=1
level=info msg=mcp.request protocol=jsonrpc method=tools/call tool=trace_path status=ok duration_ms=0
level=info msg=mcp.request protocol=jsonrpc method=tools/call tool=search_graph status=ok duration_ms=0
level=info msg=mcp.request protocol=jsonrpc method=tools/call tool=trace_path status=ok duration_ms=0
level=info msg=mcp.request protocol=jsonrpc method=tools/call tool=search_graph status=ok duration_ms=0
level=info msg=mcp.request protocol=jsonrpc method=tools/call tool=trace_path status=ok duration_ms=0
level=info msg=mcp.request protocol=jsonrpc method=tools/call tool=search_graph status=ok duration_ms=0
level=info msg=mcp.request protocol=jsonrpc method=tools/call tool=trace_path status=ok duration_ms=0
level=info msg=index.supervisor.reap outcome=clean exit_code=0 signal=0
level=info msg=mcp.request protocol=jsonrpc method=tools/call tool=index_repository status=ok duration_ms=1346
level=info msg=mcp.request protocol=jsonrpc method=tools/call tool=search_graph status=ok duration_ms=1
level=info msg=mcp.request protocol=jsonrpc method=tools/call tool=trace_path status=ok duration_ms=0
level=info msg=mcp.request protocol=jsonrpc method=tools/call tool=search_graph status=ok duration_ms=0
level=info msg=mcp.request protocol=jsonrpc method=tools/call tool=trace_path status=ok duration_ms=0
level=info msg=mcp.request protocol=jsonrpc method=tools/call tool=search_graph status=ok duration_ms=1
level=info msg=mcp.request protocol=jsonrpc method=tools/call tool=trace_path status=ok duration_ms=0
level=info msg=mcp.request protocol=jsonrpc method=tools/call tool=search_graph status=ok duration_ms=0
level=info msg=mcp.request protocol=jsonrpc method=tools/call tool=trace_path status=ok duration_ms=0
level=info msg=mcp.request protocol=jsonrpc method=tools/call tool=search_graph status=ok duration_ms=1
level=info msg=mcp.request protocol=jsonrpc method=tools/call tool=trace_path status=ok duration_ms=0
level=info msg=mcp.request protocol=jsonrpc method=tools/call tool=search_graph status=ok duration_ms=1
level=info msg=mcp.request protocol=jsonrpc method=tools/call tool=trace_path status=ok duration_ms=0
level=info msg=mcp.request protocol=jsonrpc method=tools/call tool=search_graph status=ok duration_ms=0
level=info msg=mcp.request protocol=jsonrpc method=tools/call tool=trace_path status=ok duration_ms=0
level=info msg=mcp.request protocol=jsonrpc method=tools/call tool=search_graph status=ok duration_ms=0
level=info msg=mcp.request protocol=jsonrpc method=tools/call tool=trace_path status=ok duration_ms=0
level=info msg=mcp.request protocol=jsonrpc method=tools/call tool=search_graph status=ok duration_ms=1
level=info msg=mcp.request protocol=jsonrpc method=tools/call tool=trace_path status=ok duration_ms=0
level=info msg=mcp.request protocol=jsonrpc method=tools/call tool=search_graph status=ok duration_ms=0
level=info msg=mcp.request protocol=jsonrpc method=tools/call tool=trace_path status=ok duration_ms=0
level=info msg=mcp.request protocol=jsonrpc method=tools/call tool=search_graph status=ok duration_ms=1
level=info msg=mcp.request protocol=jsonrpc method=tools/call tool=trace_path status=ok duration_ms=0
level=info msg=mcp.request protocol=jsonrpc method=tools/call tool=search_graph status=ok duration_ms=0
level=info msg=mcp.request protocol=jsonrpc method=tools/call tool=trace_path status=ok duration_ms=0
level=info msg=mcp.request protocol=jsonrpc method=tools/call tool=search_graph status=ok duration_ms=0
level=info msg=mcp.request protocol=jsonrpc method=tools/call tool=trace_path status=ok duration_ms=0
level=info msg=mcp.request protocol=jsonrpc method=tools/call tool=search_graph status=ok duration_ms=0
level=info msg=mcp.request protocol=jsonrpc method=tools/call tool=trace_path status=ok duration_ms=0
level=info msg=mcp.request protocol=jsonrpc method=tools/call tool=search_graph status=ok duration_ms=0
level=info msg=mcp.request protocol=jsonrpc method=tools/call tool=trace_path status=ok duration_ms=0
level=info msg=mcp.request protocol=jsonrpc method=tools/call tool=search_graph status=ok duration_ms=0
level=info msg=mcp.request protocol=jsonrpc method=tools/call tool=trace_path status=ok duration_ms=0
level=info msg=mcp.request protocol=jsonrpc method=tools/call tool=search_graph status=ok duration_ms=0
level=info msg=mcp.request protocol=jsonrpc method=tools/call tool=trace_path status=ok duration_ms=0
level=info msg=mcp.request protocol=jsonrpc method=tools/call tool=search_graph status=ok duration_ms=0
level=info msg=mcp.request protocol=jsonrpc method=tools/call tool=trace_path status=ok duration_ms=0
level=info msg=mcp.request protocol=jsonrpc method=tools/call tool=search_graph status=ok duration_ms=0
level=info msg=mcp.request protocol=jsonrpc method=tools/call tool=trace_path status=ok duration_ms=0
level=info msg=mcp.request protocol=jsonrpc method=tools/call tool=search_graph status=ok duration_ms=0
level=info msg=mcp.request protocol=jsonrpc method=tools/call tool=trace_path status=ok duration_ms=0
level=info msg=mcp.request protocol=jsonrpc method=tools/call tool=search_graph status=ok duration_ms=0
level=info msg=mcp.request protocol=jsonrpc method=tools/call tool=trace_path status=ok duration_ms=0
level=info msg=mcp.request protocol=jsonrpc method=tools/call tool=search_graph status=ok duration_ms=1
level=info msg=mcp.request protocol=jsonrpc method=tools/call tool=trace_path status=ok duration_ms=0
level=info msg=mcp.request protocol=jsonrpc method=tools/call tool=search_graph status=ok duration_ms=0
level=info msg=mcp.request protocol=jsonrpc method=tools/call tool=trace_path status=ok duration_ms=0
level=info msg=mcp.request protocol=jsonrpc method=tools/call tool=search_graph status=ok duration_ms=0
level=info msg=mcp.request protocol=jsonrpc method=tools/call tool=trace_path status=ok duration_ms=0
level=info msg=mcp.request protocol=jsonrpc method=tools/call tool=search_graph status=ok duration_ms=1
level=info msg=mcp.request protocol=jsonrpc method=tools/call tool=trace_path status=ok duration_ms=0
level=info msg=mcp.request protocol=jsonrpc method=tools/call tool=search_graph status=ok duration_ms=1
level=info msg=mcp.request protocol=jsonrpc method=tools/call tool=trace_path status=ok duration_ms=0
level=info msg=mcp.request protocol=jsonrpc method=tools/call tool=search_graph status=ok duration_ms=0
level=info msg=mcp.request protocol=jsonrpc method=tools/call tool=trace_path status=ok duration_ms=0
level=info msg=mcp.request protocol=jsonrpc method=tools/call tool=search_graph status=ok duration_ms=1
level=info msg=mcp.request protocol=jsonrpc method=tools/call tool=trace_path status=ok duration_ms=0
level=info msg=mcp.request protocol=jsonrpc method=tools/call tool=search_graph status=ok duration_ms=1
level=info msg=mcp.request protocol=jsonrpc method=tools/call tool=trace_path status=ok duration_ms=0
level=info msg=mcp.request protocol=jsonrpc method=tools/call tool=search_graph status=ok duration_ms=1
level=info msg=mcp.request protocol=jsonrpc method=tools/call tool=trace_path status=ok duration_ms=0
level=info msg=mcp.request protocol=jsonrpc method=tools/call tool=search_graph status=ok duration_ms=1
level=info msg=mcp.request protocol=jsonrpc method=tools/call tool=trace_path status=ok duration_ms=0
level=info msg=mcp.request protocol=jsonrpc method=tools/call tool=search_graph status=ok duration_ms=0
level=info msg=mcp.request protocol=jsonrpc method=tools/call tool=trace_path status=ok duration_ms=0
level=info msg=mcp.request protocol=jsonrpc method=tools/call tool=search_graph status=ok duration_ms=0
level=info msg=mcp.request protocol=jsonrpc method=tools/call tool=trace_path status=ok duration_ms=0
level=info msg=mcp.request protocol=jsonrpc method=tools/call tool=search_graph status=ok duration_ms=1
level=info msg=mcp.request protocol=jsonrpc method=tools/call tool=trace_path status=ok duration_ms=0
level=info msg=mcp.request protocol=jsonrpc method=tools/call tool=search_graph status=ok duration_ms=1
level=info msg=mcp.request protocol=jsonrpc method=tools/call tool=trace_path status=ok duration_ms=0
level=info msg=mcp.request protocol=jsonrpc method=tools/call tool=search_graph status=ok duration_ms=0
level=info msg=mcp.request protocol=jsonrpc method=tools/call tool=trace_path status=ok duration_ms=0
level=info msg=mcp.request protocol=jsonrpc method=tools/call tool=search_graph status=ok duration_ms=1
level=info msg=mcp.request protocol=jsonrpc method=tools/call tool=trace_path status=ok duration_ms=0
level=info msg=mcp.request protocol=jsonrpc method=tools/call tool=search_graph status=ok duration_ms=0
level=info msg=mcp.request protocol=jsonrpc method=tools/call tool=trace_path status=ok duration_ms=0
level=info msg=mcp.request protocol=jsonrpc method=tools/call tool=search_graph status=ok duration_ms=0
level=info msg=mcp.request protocol=jsonrpc method=tools/call tool=trace_path status=ok duration_ms=0
level=info msg=mcp.request protocol=jsonrpc method=tools/call tool=search_graph status=ok duration_ms=0
level=info msg=mcp.request protocol=jsonrpc method=tools/call tool=trace_path status=ok duration_ms=0
level=info msg=mcp.request protocol=jsonrpc method=tools/call tool=search_graph status=ok duration_ms=0
level=info msg=mcp.request protocol=jsonrpc method=tools/call tool=trace_path status=ok duration_ms=0
level=info msg=mcp.request protocol=jsonrpc method=tools/call tool=search_graph status=ok duration_ms=1
level=info msg=mcp.request protocol=jsonrpc method=tools/call tool=trace_path status=ok duration_ms=0
level=info msg=mcp.request protocol=jsonrpc method=tools/call tool=search_graph status=ok duration_ms=0
level=info msg=mcp.request protocol=jsonrpc method=tools/call tool=trace_path status=ok duration_ms=0
level=info msg=mcp.request protocol=jsonrpc method=tools/call tool=search_graph status=ok duration_ms=0
level=info msg=mcp.request protocol=jsonrpc method=tools/call tool=trace_path status=ok duration_ms=0
level=info msg=mcp.request protocol=jsonrpc method=tools/call tool=search_graph status=ok duration_ms=0
level=info msg=mcp.request protocol=jsonrpc method=tools/call tool=trace_path status=ok duration_ms=0
level=info msg=mcp.request protocol=jsonrpc method=tools/call tool=search_graph status=ok duration_ms=0
level=info msg=mcp.request protocol=jsonrpc method=tools/call tool=trace_path status=ok duration_ms=0
level=info msg=mcp.request protocol=jsonrpc method=tools/call tool=search_graph status=ok duration_ms=0
level=info msg=mcp.request protocol=jsonrpc method=tools/call tool=trace_path status=ok duration_ms=0
level=info msg=mcp.request protocol=jsonrpc method=tools/call tool=search_graph status=ok duration_ms=0
level=info msg=mcp.request protocol=jsonrpc method=tools/call tool=trace_path status=ok duration_ms=0
level=info msg=mcp.request protocol=jsonrpc method=tools/call tool=search_graph status=ok duration_ms=0
level=info msg=mcp.request protocol=jsonrpc method=tools/call tool=trace_path status=ok duration_ms=0
level=info msg=mcp.request protocol=jsonrpc method=tools/call tool=search_graph status=ok duration_ms=0
level=info msg=mcp.request protocol=jsonrpc method=tools/call tool=trace_path status=ok duration_ms=0
level=info msg=mcp.request protocol=jsonrpc method=tools/call tool=search_graph status=ok duration_ms=0
level=info msg=mcp.request protocol=jsonrpc method=tools/call tool=trace_path status=ok duration_ms=0
level=info msg=mcp.request protocol=jsonrpc method=tools/call tool=search_graph status=ok duration_ms=1
level=info msg=mcp.request protocol=jsonrpc method=tools/call tool=trace_path status=ok duration_ms=0
level=info msg=mcp.request protocol=jsonrpc method=tools/call tool=search_graph status=ok duration_ms=0
level=info msg=mcp.request protocol=jsonrpc method=tools/call tool=trace_path status=ok duration_ms=0
level=info msg=mcp.request protocol=jsonrpc method=tools/call tool=search_graph status=ok duration_ms=1
level=info msg=mcp.request protocol=jsonrpc method=tools/call tool=trace_path status=ok duration_ms=0
level=info msg=mcp.request protocol=jsonrpc method=tools/call tool=search_graph status=ok duration_ms=0
level=info msg=mcp.request protocol=jsonrpc method=tools/call tool=trace_path status=ok duration_ms=0
level=info msg=index.supervisor.reap outcome=clean exit_code=0 signal=0
level=info msg=mcp.request protocol=jsonrpc method=tools/call tool=index_repository status=ok duration_ms=1324
level=info msg=mcp.request protocol=jsonrpc method=tools/call tool=search_graph status=ok duration_ms=0
level=info msg=mcp.request protocol=jsonrpc method=tools/call tool=trace_path status=ok duration_ms=0
level=info msg=mcp.request protocol=jsonrpc method=tools/call tool=search_graph status=ok duration_ms=0
level=info msg=mcp.request protocol=jsonrpc method=tools/call tool=trace_path status=ok duration_ms=0
level=info msg=mcp.request protocol=jsonrpc method=tools/call tool=search_graph status=ok duration_ms=1
level=info msg=mcp.request protocol=jsonrpc method=tools/call tool=trace_path status=ok duration_ms=0
level=info msg=mcp.request protocol=jsonrpc method=tools/call tool=search_graph status=ok duration_ms=0
level=info msg=mcp.request protocol=jsonrpc method=tools/call tool=trace_path status=ok duration_ms=0
level=info msg=mcp.request protocol=jsonrpc method=tools/call tool=search_graph status=ok duration_ms=1
level=info msg=mcp.request protocol=jsonrpc method=tools/call tool=trace_path status=ok duration_ms=0
level=info msg=mcp.request protocol=jsonrpc method=tools/call tool=search_graph status=ok duration_ms=0
level=info msg=mcp.request protocol=jsonrpc method=tools/call tool=trace_path status=ok duration_ms=0
level=info msg=mcp.request protocol=jsonrpc method=tools/call tool=search_graph status=ok duration_ms=0
level=info msg=mcp.request protocol=jsonrpc method=tools/call tool=trace_path status=ok duration_ms=0
level=info msg=mcp.request protocol=jsonrpc method=tools/call tool=search_graph status=ok duration_ms=1
level=info msg=mcp.request protocol=jsonrpc method=tools/call tool=trace_path status=ok duration_ms=0
level=info msg=mcp.request protocol=jsonrpc method=tools/call tool=search_graph status=ok duration_ms=1
level=info msg=mcp.request protocol=jsonrpc method=tools/call tool=trace_path status=ok duration_ms=0
level=info msg=mcp.request protocol=jsonrpc method=tools/call tool=search_graph status=ok duration_ms=0
level=info msg=mcp.request protocol=jsonrpc method=tools/call tool=trace_path status=ok duration_ms=0
level=info msg=mcp.request protocol=jsonrpc method=tools/call tool=search_graph status=ok duration_ms=0
level=info msg=mcp.request protocol=jsonrpc method=tools/call tool=trace_path status=ok duration_ms=0
level=info msg=mcp.request protocol=jsonrpc method=tools/call tool=search_graph status=ok duration_ms=0
level=info msg=mcp.request protocol=jsonrpc method=tools/call tool=trace_path status=ok duration_ms=0
level=info msg=mcp.request protocol=jsonrpc method=tools/call tool=search_graph status=ok duration_ms=1
level=info msg=mcp.request protocol=jsonrpc method=tools/call tool=trace_path status=ok duration_ms=0
level=info msg=mcp.request protocol=jsonrpc method=tools/call tool=search_graph status=ok duration_ms=0
level=info msg=mcp.request protocol=jsonrpc method=tools/call tool=trace_path status=ok duration_ms=0
level=info msg=mcp.request protocol=jsonrpc method=tools/call tool=search_graph status=ok duration_ms=1
level=info msg=mcp.request protocol=jsonrpc method=tools/call tool=trace_path status=ok duration_ms=0
level=info msg=mcp.request protocol=jsonrpc method=tools/call tool=search_graph status=ok duration_ms=1
level=info msg=mcp.request protocol=jsonrpc method=tools/call tool=trace_path status=ok duration_ms=0
level=info msg=mcp.request protocol=jsonrpc method=tools/call tool=search_graph status=ok duration_ms=0
level=info msg=mcp.request protocol=jsonrpc method=tools/call tool=trace_path status=ok duration_ms=0
level=info msg=mcp.request protocol=jsonrpc method=tools/call tool=search_graph status=ok duration_ms=0
level=info msg=mcp.request protocol=jsonrpc method=tools/call tool=trace_path status=ok duration_ms=0
level=info msg=mcp.request protocol=jsonrpc method=tools/call tool=search_graph status=ok duration_ms=0
level=info msg=mcp.request protocol=jsonrpc method=tools/call tool=trace_path status=ok duration_ms=0
level=info msg=mcp.request protocol=jsonrpc method=tools/call tool=search_graph status=ok duration_ms=0
level=info msg=mcp.request protocol=jsonrpc method=tools/call tool=trace_path status=ok duration_ms=0
level=info msg=mcp.request protocol=jsonrpc method=tools/call tool=search_graph status=ok duration_ms=0
level=info msg=mcp.request protocol=jsonrpc method=tools/call tool=trace_path status=ok duration_ms=0
level=info msg=mcp.request protocol=jsonrpc method=tools/call tool=search_graph status=ok duration_ms=0
level=info msg=mcp.request protocol=jsonrpc method=tools/call tool=trace_path status=ok duration_ms=0
level=info msg=mcp.request protocol=jsonrpc method=tools/call tool=search_graph status=ok duration_ms=0
level=info msg=mcp.request protocol=jsonrpc method=tools/call tool=trace_path status=ok duration_ms=0
level=info msg=mcp.request protocol=jsonrpc method=tools/call tool=search_graph status=ok duration_ms=0
level=info msg=mcp.request protocol=jsonrpc method=tools/call tool=trace_path status=ok duration_ms=0
level=info msg=mcp.request protocol=jsonrpc method=tools/call tool=search_graph status=ok duration_ms=0
level=info msg=mcp.request protocol=jsonrpc method=tools/call tool=trace_path status=ok duration_ms=0
level=info msg=mcp.request protocol=jsonrpc method=tools/call tool=search_graph status=ok duration_ms=0
level=info msg=mcp.request protocol=jsonrpc method=tools/call tool=trace_path status=ok duration_ms=0
level=info msg=mcp.request protocol=jsonrpc method=tools/call tool=search_graph status=ok duration_ms=0
level=info msg=mcp.request protocol=jsonrpc method=tools/call tool=trace_path status=ok duration_ms=0
level=info msg=mcp.request protocol=jsonrpc method=tools/call tool=search_graph status=ok duration_ms=0
level=info msg=mcp.request protocol=jsonrpc method=tools/call tool=trace_path status=ok duration_ms=0
level=info msg=mcp.request protocol=jsonrpc method=tools/call tool=search_graph status=ok duration_ms=0
level=info msg=mcp.request protocol=jsonrpc method=tools/call tool=trace_path status=ok duration_ms=0
level=info msg=mcp.request protocol=jsonrpc method=tools/call tool=search_graph status=ok duration_ms=0
level=info msg=mcp.request protocol=jsonrpc method=tools/call tool=trace_path status=ok duration_ms=0
level=info msg=mcp.request protocol=jsonrpc method=tools/call tool=search_graph status=ok duration_ms=0
level=info msg=mcp.request protocol=jsonrpc method=tools/call tool=trace_path status=ok duration_ms=0
level=info msg=mcp.request protocol=jsonrpc method=tools/call tool=search_graph status=ok duration_ms=0
level=info msg=mcp.request protocol=jsonrpc method=tools/call tool=trace_path status=ok duration_ms=0
level=info msg=mcp.request protocol=jsonrpc method=tools/call tool=search_graph status=ok duration_ms=0
level=info msg=mcp.request protocol=jsonrpc method=tools/call tool=trace_path status=ok duration_ms=0
level=info msg=mcp.request protocol=jsonrpc method=tools/call tool=search_graph status=ok duration_ms=0
level=info msg=mcp.request protocol=jsonrpc method=tools/call tool=trace_path status=ok duration_ms=0
level=info msg=mcp.request protocol=jsonrpc method=tools/call tool=search_graph status=ok duration_ms=0
level=info msg=mcp.request protocol=jsonrpc method=tools/call tool=trace_path status=ok duration_ms=0
level=info msg=mcp.request protocol=jsonrpc method=tools/call tool=search_graph status=ok duration_ms=0
level=info msg=mcp.request protocol=jsonrpc method=tools/call tool=trace_path status=ok duration_ms=0
level=info msg=mcp.request protocol=jsonrpc method=tools/call tool=search_graph status=ok duration_ms=0
level=info msg=mcp.request protocol=jsonrpc method=tools/call tool=trace_path status=ok duration_ms=0
level=info msg=mcp.request protocol=jsonrpc method=tools/call tool=search_graph status=ok duration_ms=0
level=info msg=mcp.request protocol=jsonrpc method=tools/call tool=trace_path status=ok duration_ms=0
level=info msg=mcp.request protocol=jsonrpc method=tools/call tool=search_graph status=ok duration_ms=0
level=info msg=mcp.request protocol=jsonrpc method=tools/call tool=trace_path status=ok duration_ms=0
level=info msg=mcp.request protocol=jsonrpc method=tools/call tool=search_graph status=ok duration_ms=0
level=info msg=mcp.request protocol=jsonrpc method=tools/call tool=trace_path status=ok duration_ms=0
level=info msg=mcp.request protocol=jsonrpc method=tools/call tool=search_graph status=ok duration_ms=0
level=info msg=mcp.request protocol=jsonrpc method=tools/call tool=trace_path status=ok duration_ms=0
level=info msg=mcp.request protocol=jsonrpc method=tools/call tool=search_graph status=ok duration_ms=0
level=info msg=mcp.request protocol=jsonrpc method=tools/call tool=trace_path status=ok duration_ms=0
level=info msg=mcp.request protocol=jsonrpc method=tools/call tool=search_graph status=ok duration_ms=0
level=info msg=mcp.request protocol=jsonrpc method=tools/call tool=trace_path status=ok duration_ms=0
level=info msg=mcp.request protocol=jsonrpc method=tools/call tool=search_graph status=ok duration_ms=0
level=info msg=mcp.request protocol=jsonrpc method=tools/call tool=trace_path status=ok duration_ms=0
level=info msg=mcp.request protocol=jsonrpc method=tools/call tool=search_graph status=ok duration_ms=0
level=info msg=mcp.request protocol=jsonrpc method=tools/call tool=trace_path status=ok duration_ms=0
level=info msg=mcp.request protocol=jsonrpc method=tools/call tool=search_graph status=ok duration_ms=0
level=info msg=mcp.request protocol=jsonrpc method=tools/call tool=trace_path status=ok duration_ms=0
level=info msg=mcp.request protocol=jsonrpc method=tools/call tool=search_graph status=ok duration_ms=0
level=info msg=mcp.request protocol=jsonrpc method=tools/call tool=trace_path status=ok duration_ms=0
level=info msg=mcp.request protocol=jsonrpc method=tools/call tool=search_graph status=ok duration_ms=0
level=info msg=mcp.request protocol=jsonrpc method=tools/call tool=trace_path status=ok duration_ms=0
level=info msg=mcp.request protocol=jsonrpc method=tools/call tool=search_graph status=ok duration_ms=0
level=info msg=mcp.request protocol=jsonrpc method=tools/call tool=trace_path status=ok duration_ms=0
level=info msg=mcp.request protocol=jsonrpc method=tools/call tool=search_graph status=ok duration_ms=0
level=info msg=mcp.request protocol=jsonrpc method=tools/call tool=trace_path status=ok duration_ms=0
level=info msg=mcp.request protocol=jsonrpc method=tools/call tool=search_graph status=ok duration_ms=0
level=info msg=mcp.request protocol=jsonrpc method=tools/call tool=trace_path status=ok duration_ms=0
level=info msg=mcp.request protocol=jsonrpc method=tools/call tool=search_graph status=ok duration_ms=0
level=info msg=mcp.request protocol=jsonrpc method=tools/call tool=trace_path status=ok duration_ms=0
level=info msg=daemon.connection_end received=-1 frame_type=none
level=info msg=daemon.runtime_stopping reason=last_committed_client_disconnected
level=warn msg=mcp.request protocol=jsonrpc method=tools/call tool=index_repository status=error duration_ms=96
level=info msg=daemon.lifetime_end reason=runtime_exited
level=info msg=index.supervisor.reap outcome=killed exit_code=-1 signal=15
level=warn msg=index.supervisor.worker_cancelled outcome=killed log=/private/var/folders/sv/1jf3fdg17yq7y8t4hj9vf6240000gn/T/cbm-soak-cache.5JRV0R/logs/.worker-log-03GXOt
level=info msg=watcher.stop
level=info msg=daemon.stop
level=warn msg=mem.allocator.not_owned owned_classes=0/6 unowned_bytes=64,4096,65536,262144,1048576,8388608 detail=allocations_in_these_size_classes_are_not_allocator-owned:_purge_and_reclaim_options_do_not_apply_to_them_and_freed_pages_stay_committed
level=info msg=mem.init budget_mb=24576 total_ram_mb=49152 source=ram_fraction
level=warn msg=store.pagecache.config_failed rc=misuse detail=shared_SQLite_page-cache_slab_was_refused_(SQLite_already_initialised?);_page_cache_will_be_served_from_the_general_allocator_and_may_fragment
level=info msg=watcher.start interval_ms=multi-sec
{"level":"control","event":"diagnostics.start","snapshot":"/var/folders/sv/1jf3fdg17yq7y8t4hj9vf6240000gn/T//cbm-diagnostics-62251-WIyvzL/snapshot.json","trajectory":"/var/folders/sv/1jf3fdg17yq7y8t4hj9vf6240000gn/T//cbm-diagnostics-62251-WIyvzL/trajectory.ndjson","interval_s":"5"}
level=info msg=daemon.start version=dev pid=62251 cache_fingerprint=40177aef69223cefe386cd27ea9a35b0218e3cb342f7062908df72583766706a memory_budget_bytes=25769803776 physical_job_limit=4 worker_memory_budget_bytes=6442450944
level=info msg=mcp.request protocol=jsonrpc method=initialize status=ok duration_ms=0
level=info msg=update.available current=dev latest=v0.9.0
level=info msg=index.supervisor.reap outcome=clean exit_code=0 signal=0
level=info msg=mcp.request protocol=jsonrpc method=tools/call tool=index_repository status=ok duration_ms=1340
level=info msg=daemon.runtime_stopping reason=last_committed_client_disconnected
level=info msg=daemon.lifetime_end reason=runtime_exited
level=info msg=watcher.stop
level=info msg=daemon.stop
